RecyclerID,Company Name,Info ,Status,Type,Address,District,State
227,3R RECYCLER,Recycler,Registration Granted,Authorization,"Plot No. A-61/1, Industrial Area, Sikandrabad, Bulandshahr, Uttar Pradesh- 203206 Uttar Pradesh  Sikandrabad 203206",Bulandshahr,UTTAR PRADESH
9726,3R RECYCLER PRIVATE LIMITED ,Recycler,Registration Granted,Authorization,"A-61/2 SIKANDRABAD UPSIDC INDUSTRIAL AREA,NEAR GOODLUCK CONTRACTOR SIKANDRABAD INDUSTRIAL AREA  BULANDSHAHR 203206",Bulandshahr,UTTAR PRADESH
180,3R RECYCLER PVT. LTD.,Recycler,Registration Granted,Authorization,"392, Sector-8, IMT Manesar, Gurgaon, Haryana 122050   Gurugaon 122050",Gurgaon,HARYANA
207,4R Recycling Pvt Ltd,Recycler,Registration Granted,Authorization,"Shed No A-5, 3rd Stage, Peenya Industrial area, Nelagadirenahalli, Peenya,  Bangalore 560058",Bangalore,KARNATAKA
13790,ABAAD DEVELOPERS PRIVATE LIMITED,Recycler,Registration Granted,Authorization,G1-747 RIICO INDUSTRIAL AREA CHOPANKI BHIWADI ALWAR RAJASTHAN 301019  ALWAR 301019,Alwar,RAJASTHAN
126,Adatte E-Waste Management Pvt. Ltd,Recycler,Registration Granted,Authorization,"F-120, Karoli Industrial Area Tapukara Extension  Alwar 301707",Alwar,RAJASTHAN
282,Adinath Recyclotronix Private Limited,Recycler,Registration Granted,Authorization,Plot No 361 Industrial Estate HSIIDC Refinery Road   Panipat 132103,Panipat,HARYANA
13837,ADS Recycling Private Limited,Recycler,Registration Granted,Authorization,"Khasra No. 760,761,752,763 Peepli Khera road, Village Allipur Jijmana, Kharkhoda  Meerut 245206",Meerut,UTTAR PRADESH
9447,AER WORLDWIDE INDIA PVT LTD,Recycler,Registration Granted,Authorization,"774 Eladhanderi, Sadayankuppam Village, Manali New Town (Near Andarkuppam Checkpost)  Chennai 600103",Tiruvallur,TAMIL NADU
2727479,AIRECO RECYCLERS PRIVATE LIMITED,Recycler,Registration Granted,Authorization,"KHASHRA NO -192M , SADAR , SIKHERA , MUZAFFAR NAGAR DIST MUZAFFAR NAGER  MUZAFFAR NAGER 251001",Muzaffarnagar,UTTAR PRADESH
210,AKSHA RECYCLING AND WASTE MANAGEMENT PRIVATE LIMITED,Recycler,Registration Granted,Authorization,"876, 1193-1195, 7.5 KM. JANSATH ROAD, VILL.- SHER NAGAR, GAUTAM BUDH NAGAR,  MUZAFFARNAGAR, 251001",Muzaffarnagar,UTTAR PRADESH
6936,Aman E Waste Recyclers Pvt LTD,Recycler,Registration Granted,Authorization,S No 20/5 Plot No 79 to 89 Aamgaon Talasari  Palghar 401606,Thane,MAHARASHTRA
14125,ANJANI EWASTE RECYCLING,Recycler,Registration Granted,Authorization,"Plot No. 101 Lohardaga Industrial Area, RIADA  Lohardaga 835302",Lohardaga,JHARKHAND
274,Anmol Paryavaran Sanrakshan Samiti,Recycler,Registration Granted,Authorization,"Kh. No. 85/2,87/1, Anmol Paryavaran Sanrakshan Samiti, Daulatpur ,Hazratpur Urf Budhwasahid, Tahsil- Roorkee  Haridwar 247662",Haridwar,UTTARAKHAND
2794332,ANVIANI SUSTAINABLE RECYCLING LLP,Recycler,Registration Granted,Authorization,"PLOT NO. F3 UPSIDA INDUSTRIAL AREA, GOPALPUR  SIKANDRABAD 203205",Bulandshahr,UTTAR PRADESH
9215,Aptus E Waste Recycling pvt ltd ,Recycler,Registration Granted,Authorization,No 68 B HOOTGALLI INDUSTRIAL AREA  Mysore 570018,Mysore,KARNATAKA
5358,ARIHANT E RECYCLING PRIVATE LIMITED,Recycler,Registration Granted,Authorization,"GUT NO 307/1,, DONDAICHA, AT POST DONDAICHA, CITY DONDAICHA-WARWADE, Dhule, Maharashtra, 425408   DHULE 425408",Dhule,MAHARASHTRA
753493,AR RECYCLERS PRIVATE LIMITED,Recycler,Registration Granted,Authorization,"KHASRA NO 1775,JAULI JANSATH PARGANA,NAGLA BUZURG MUZAFFARNAGAR,UTTAR PRADESH 251308  MUZAFFARNAGAR 251308",Muzaffarnagar,UTTAR PRADESH
58995,ARSH RECYCLING PRIVATE LIMITED,Recycler,Registration Granted,Authorization,F-203 UPSIDC INDUSTRIAL AREA MG ROAD GHAZIABAD GHAZIABAD  HAPUR 201001,Hapur,UTTAR PRADESH
6142,ASNCO INDIA PVT LTD,Recycler,Registration Granted,Authorization,"KH.150151,207,211,212,213,394,199,200 VILLAGE-KHUJNAWAR  SAHARANPUR 247662",Saharanpur,UTTAR PRADESH
7709,ATTERO RECYCLING PRIVATE LIMITED,Recycler,Registration Granted,Authorization,KHASRA NO 173 RAIPUR INDUSTRIAL AREA BHAGWANPUR DIST HARIDWAR  ROORKEE 247661,Haridwar,UTTARAKHAND
220,BASANT CLEANENVIRO LIMITED,Recycler,Registration Granted,Authorization,"Plot No 67 GIDC Kadi, Kadi Budasan Road  Kadi 382715",Mahesana,GUJARAT
7826,BEIL INFRASTRUCTURE LIMITED,Recycler,Registration Granted,Authorization,PLOT NO 9701-16 GIDC ESTATE  ANKLESHWAR 393002,Bharuch,GUJARAT
204,BEST E-WASTE RECYCLERS PRIVATE LIMITED,Recycler,Registration Granted,Authorization,KIADB INDUSTRIAL AREA 2nd CROSS NO 459 VASANTHNARSAPURA KORA TUMKUR  TUMKUR 572138,Tumkur,KARNATAKA
5187,Bhangarwala Waste Management Pvt Ltd,Recycler,Registration Granted,Authorization,New Survey No-80/2 Plot No-13  JUNA Survey No-245 Dahishar Mori  Walivali  Thane 421204,Thane,MAHARASHTRA
13931,BHANU METAL INDUSTRIES,Recycler,Registration Granted,Authorization,"Khamar  P.O-Rajarhat-Bishnupur, P.S-Rajarhat, 24 Parganas North P.S-Rajarhat, 24 Parganas North  Bishnupur 700135",North 24 Parganas,WEST BENGAL
2827352,BINBAG RECYCLING SERVICES PVT LTD,Recycler,Registration Granted,Authorization,INDUSTRIAL ESTATE NATHKUCHI TIHU  TIHU 781355,Nalbari,ASSAM
7494,Binbay Recycling Private Limited,Recycler,Registration Granted,Authorization,"Binbay House. Survey  No 48. Unit No 1.2.3.6.7 Agarwal Industrial Premises, Village- Gauraipada,  Vasai East 401208",Thane,MAHARASHTRA
281,Bright E Waste Recycling india,Recycler,Registration Granted,Authorization,Khasra num 512 village Ganeshpur Tehsil Mawana Distt. Meerut  Mawana 250404,Meerut,UTTAR PRADESH
7549,BRP INFOTECH PVT LTD,Recycler,Registration Granted,Authorization,F-394 UPSIDC INDU AREA PHASE-1 MASSURI GULAWATI ROAD HAPUR-245101   HAPUR 245101,Ghaziabad,UTTAR PRADESH
7979,BRP INFOTECH PVT LTD,Recycler,Registration Granted,Authorization,F-381 UPSIDC INDU AREA PHASE-1 MG ROAD HAPUR  HAPUR 245101,Hapur,UTTAR PRADESH
1120219,B.S.M.R METALS,Recycler,Registration Granted,Authorization,"Plot No 6, 2nd Main Road 2nd Cross KSSIDC Industrial area Veersandra 2nd stage Attibele hobli  Bangalore 560099",Bangalore,KARNATAKA
1709467,CARBIOS ECO WASTE MANAGEMENT PRIVATE,Recycler,Registration Granted,Authorization,"Nelamangala, Plot No 30-P4-1, In Sy. no. Part of 63 & 104 Dabaspel1 Phase Industrial Area, Yedehall, Sompura Nelamangala  Nelamangala 562123",Bangalore,KARNATAKA
7657,Cerebra Integrated Technologies Ltd,Recycler,Registration Granted,Authorization,"Cerebra Integrated Technologies Ltd. Plot No 41 to 46 KIADB Industrial Rd, Appasandra Village, Narsapura Hobli, Narasapura  Kolar 563133",Kolar,KARNATAKA
8392,Circularity Solutions Private Limited,Recycler,Registration Granted,Authorization,"Khasra No.95, 96 Sekhera Road  Modinagar 201204",Ghaziabad,UTTAR PRADESH
187,CLEAN INDIA RECYCLING PVT LTD,Recycler,Registration Granted,Authorization,"KHASRA NO-737,738,739,VILLAGE BIJOLI PARGANA SARAVA PIPLI KHEDA MEERUT   MEERUT 250002",Meerut,UTTAR PRADESH
9418,COMMUNICATIONS TEST DESIGN INDIA PRIVATE LIMITED,Recycler,Registration Granted,Authorization,"NO. 48, 2ND PHASE, PEENYA INDUSTRIAL AREA PEENYA  Bengaluru (Bangalore) Urban 560058",Bangalore,KARNATAKA
185,Coral Communications and Networks P Ltd,Recycler,Registration Granted,Authorization,"8E, KIADB INDUSTRIAL ESTATE, HOSKOTE INDUSTRIAL AREA, BANGALORE-562114 Bangalore  Bangalore 562114",Bangalore Rural,KARNATAKA
501676,COSMOS RECYCLING PRIVATE LIMITED,Recycler,Registration Granted,Authorization,"MULLANPUR ROAD, LHS, OPPOSITE DASHMESH DHARAM KANDA VPO HAMBRAN, LUDHIANA  LUDHIANA 141110",Ludhiana,PUNJAB
114,Cynosure Recycling Private Limited,Recycler,Registration Granted,Authorization,"Khasra No. 64, Village Peeplikhera, Pargana Sarawa, Meerut, Uttar Pradesh, 250002   Meerut 250002",Meerut,UTTAR PRADESH
1726844,Cynosure Recycling Private Limited-Unit II(HYD,Recycler,Registration Granted,Authorization,"Survey No 3/LU/1,3/RU,3/LU,303/AA, Hari OM Pipes Road Kethireddypally Village Grampanchayat,Balanagar Mandal, Mahabubnagar  Hyderabad 509202",Mahabub Nagar,TELANGANA
14718,DESHWAL WASTE MANAGEMENT PVT LTD,Recycler,Registration Granted,Authorization,PLOT NO 15 SECTOR 5 IMT MANESAR GURGAON GURUGRAM HARYANA 122052 PLOT NO 15 SECTOR 5 IMT MANESAR GURGAON GURUGRAM HARYANA 122052  GURGAON GURUGRAM 122052,Gurgaon,HARYANA
5234,DUSTMAN WASTE MANAGEMENT & RECYCLING PVT,Recycler,Registration Granted,Authorization,"No 176/1, MAMBAKKAM VILLAGE, SRIPERUMBUDUR TALUK,   KANCHIPURAM DISTRICT 602106",Kanchipuram,TAMIL NADU
2814474,E2E RECYCLING BUSINESS PRIVATE LIMITED,Recycler,Registration Granted,Authorization,"PLOT NO 281,2ND PHASE, VASANTHANARASAPURA INDUSTRIAL AREA VASANTHANARASAPURA , KORATAGERE, TUMAKURU  TUMAKURU 572129",Tumkur,KARNATAKA
9679,Eali Recyclers ,Recycler,Registration Granted,Authorization,"Near Pirana Gate, Survey No 730 Old Survey No 225 Plot No 3, Giriraj Industrial Park 2, Ode-Paldi Kankaj Road, Tal Daskroi, Paldi Kankaj, Ahmedabad, Gujarat, 382210  AHMEDABAD 382210",Ahmedabad,GUJARAT
12536,EARTH CARE E-WASTE PRIVATE LIMITED,Recycler,Registration Granted,Authorization,"15,Sy.No.37,1st Phase, Kengeri Hobali, Kumbalgudu Industrial Area Bengaluru 15,Sy.No.37,1st Phase, Kengeri Hobali, Kumbalgudu Industrial Area Bengaluru  Bangalore 560074",Bangalore,KARNATAKA
7647,Earth Sense Recycle Private Limited,Recycler,Registration Granted,Authorization,"Printech Park Cluster 1st Phase, Plot No A17, Kanakapura Taluk, KIADB Industrial Area Harohally Village Han KIADB Industrial Area, Harohalli, Ramanagara, Karnataka, 562112  Bangalore 562112",Bangalore Rural,KARNATAKA
112,Earth Sense Recycle Private Limited,Recycler,Registration Granted,Authorization,"Plot No:37, TSIIC Industrial Park, Mankal, Maheshwaram (M), Rangareddy District  Hyderabad 501359",K.V.Rangareddy,TELANGANA
8019,EARTHZONE RECYCLING PRIVATE LIMITED,Recycler,Registration Granted,Authorization,"Khasra no - 788,790B, Hapur Road ALLIPUR JIMJMANA, MEERUT  MEERUT 245206",Meerut,UTTAR PRADESH
6755,E Box Recyclers,Recycler,Registration Granted,Authorization,Shed No B-3 KSSIDC Industrial Area Veerasandra 2nd Stage Huskur Road Electronic City  Bangalore 560100,Bangalore,KARNATAKA
231,Eco Fly Ewaste Recycling Pvt. Ltd,Recycler,Registration Granted,Authorization,"Khasra No-26 -Village -Pipli Khera, Bhamanpura Road, Phaphunda, Uttar Pradesh   Merrut 250002",Meerut,UTTAR PRADESH
8911,Eco Friend Industries,Recycler,Registration Granted,Authorization,"A205 TTC MIDC Thane Belapur Rd., Pawane  Navi Mumbai 400710",Thane,MAHARASHTRA
14014,ECO GLOBE E WASTE RECYCLERS,Recycler,Registration Granted,Authorization,"Ground floor No-87, 2nd phase2nd sector Bidadi Industrial Area Ramanagara Ground floor No-87, 2nd phase2nd sector Bidadi Industrial Area Ramanagara  Ramanagar 562109",Ramanagar,KARNATAKA
5486,ECO GREEN RECYCLING PRIVATE LIMITED,Recycler,Registration Granted,Authorization,"Khasra No.193/1, 199/1 and 199/2,, Noorpur Bangar Bajna, Tehsil Maant, Mathura, Uttar Pradesh, 281201 Noorpur Bangar Bajna, Tehsil Maant  Mathura 281201",Mathura,UTTAR PRADESH
17166,Ecolayer E Waste Recycling,Recycler,Registration Granted,Authorization,"GALA NO 2 OPP. MATHURA HOTEL VILLAGE POMAN, VASAI PALGHAR, POMAN,PALGHAR  VASAI 401208",Mumbai,MAHARASHTRA
118,ECOLI WASTE MANAGEMENT PVT LTD,Recycler,Registration Granted,Authorization,"Plot No. 87 to 92, Sabar Industrial Park Pvt Ltd Vill: Asal, Tal: Bhiloda, Dist: Arvalli  BHILODA 383355",Sabarkantha,GUJARAT
198,ECO RECYCLING LIMITED,Recycler,Registration Granted,Authorization,"Eco House, S No 22, H No 6 and 7, Near Top Glass Enclave, Bhoidapada Near Range Office, Sativali Road, Vasai East, Dist Palghar  Vasai 401208",Thane,MAHARASHTRA
21320,Eco Recycling Limited Plant 2,Recycler,Registration Granted,Authorization,"Eco Recycling Limited, Bldg No. 1, Plot No. 5 S. No. 30B, Village Gokhiware, Vasai (E), Tal. Vasai, Dist. Palghar - 401208  Mumbai 401208",Mumbai,MAHARASHTRA
182,ECO RESET PRIVATE LIMITED,Recycler,Registration Granted,Authorization,"Plot No.-19/1, Village-Bhowari, Tal.-Kamptee, District-Nagpur  nagpur 441001",Nagpur,MAHARASHTRA
168,Eco Saviour E Waste Management Pvt. Ltd.,Recycler,Registration Granted,Authorization,C-351 352 API Industrial Park Tauru Bilaspur Road  Bilaspur 122413,Gurgaon,HARYANA
8972,ECOSTAR RECYCLING,Recycler,Registration Granted,Authorization,GARIB NAWAZ ESTATE HISSA NO 2/A FACTORY NO 642 SURVEY NO 8 TALOJA MIDC ROAD DAHISAR WAKLAN ROAD DHISAR MORI  THANE 400612,Thane,MAHARASHTRA
8018,ECOTIME INDUSTRIES,Recycler,Registration Granted,Authorization,"Plot No 98 and 99 Sparkle Industrial  Estate Vill-Chokhad, Tal-Jalalpore  navsari 396436",Navsari,GUJARAT
14372,ECO TREND RECYCLERS,Recycler,Registration Granted,Authorization,No 81/a and 82/a Khata no 5/2 and 5/3 Kachohalli Village and Industrial Estate lakshmipur post Dasanapura hobli  BENGALURU 562162,Bangalore Rural,KARNATAKA
8160,Ecoverva E waste Recycling Private Limit,Recycler,Registration Granted,Authorization,M/s Ecoverva Ewaste Recycling Pvt Ltd C-356 Ansal Pioneer Industrial Park  Pahreri  Gurugram 122413,Gurgaon,HARYANA
242,Ecoverva E-Waste Recycling Private Limited,Recycler,Registration Granted,Authorization,"Plot No. B-124, Pioneer Industrial Park Pathredi,Manesar, Bilaspur Kalan  Gurugram 122413",Gurgaon,HARYANA
7748,Ecoverva Ewaste Recycling Pvt Ltd,Recycler,Registration Granted,Authorization,"ECOVERVA E WASTE RECYCLING PRIVATE LIMITED Rectangle No 25, 26, Khata No 439/468, Killa No 1/2, 2/2, 3/2,4/2,5/2, Delhi Jaipur Expressway, Shaheed Amar Singh Public School, Rathiwas ,Manesar  Gurgaon 122413",Gurgaon,HARYANA
570587,ECO VITA RECYCLING LLP,Recycler,Registration Granted,Authorization,"KH NO.112M ETC,KARNAL ROAD BUDHANA, SARAI LOI SARAI, BUDHANA  MUZAFFARNAGAR 251309",Muzaffarnagar,UTTAR PRADESH
13985,E CYCLE SOLUTIONS PRIVATE LIMITED,Recycler,Registration Granted,Authorization,"Ward D, Block No.0015, Town Survey No.8, Plot No.48B (N.P),Pattravakkam village Ambattur Industrial Estate   Chennai 600098",Tiruvallur,TAMIL NADU
9008,EDHINI RECYCLING PRIVATE LIMITED,Recycler,Registration Granted,Authorization,"Khasra No-607 M, Village Achronda, Partapur, Meerut,  MEERUT 250001",Meerut,UTTAR PRADESH
510354,E-FRIENDLY WASTE RECYCLERS,Recycler,Registration Granted,Authorization,"NO-17, 1ST CROSS, AZEEZ SAIT INDUSTRIAL TOWN, NAYANDAHALLI   BENGALURU 560039",Bangalore,KARNATAKA
197,E-FRONTLINE RECYCLING PVT LTD,Recycler,Registration Granted,Authorization,C-1/B-905/9 Panoli GIDC  Ankleshwar 394116,Bharuch,GUJARAT
31,EGNUS EWASTE SOLUTIONS PRIVATE LIMITED,Recycler,Registration Granted,Authorization,"PLOT NO. / SURVAY NO. 31 VILLAGE - MOTWAN ,TA - ANKLESHWAR  ANKLESHWAR 393020",Bharuch,GUJARAT
1353592,Egreen Dust,Recycler,Registration Granted,Authorization,KHASRA NO 31/20/2 & 21 Village Goyala   Taoru 122105,Mewat,HARYANA
9111,E HASIRU,Recycler,Registration Granted,Authorization,NO 168 B 7TH MAIN ROAD 3RD PHASE  PEENYA INDUSTRIAL AREA  BANGALORE 560058,Bangalore,KARNATAKA
8851,E INCARNATION RECYCLING PVT LTD,Recycler,Registration Granted,Authorization,"Ground Floor, J-56 MIDC Area, Boisar Palghar Road, Opp. Salco Extrusion, Tarapur MIDC, Boisar, Palghar  Palghar 401506",Thane,MAHARASHTRA
5640,Electro Alloys Recycling & Transformation Hub,Recycler,Registration Granted,Authorization,"Plot no. 301/13, GIDC Palej,   Palej 392220",Bharuch,GUJARAT
7559,ELECTROFINE RECYCLING OPC PVT LTD,Recycler,Registration Granted,Authorization,GUT NO 386 VILLAGE SHINDI KHURD TAL MAAN DIST SATARA  SATARA 415508,Satara,MAHARASHTRA
8318,ELECTRONIC WASTE INDIA,Recycler,Registration Granted,Authorization,"CHHUTMALPUR, VILL KHUJNAWAR, KALASIA ROAD, SAHARANPUR, Saharanpur, Uttar Pradesh, 247001   SAHARANPUR 247001",Saharanpur,UTTAR PRADESH
7345,Electro Waste Solutions,Recycler,Registration Granted,Authorization,Plot No 631 GIDC Halol  Halol 389350,Panch Mahals,GUJARAT
63192,ELGREEN METEX PRIVATE LIMITED,Recycler,Registration Granted,Authorization,"C-11, Site-4, Kasna Industrial Area, greater Noida Uttar Pradesh 201306 ,GAUTAM BUDDHA NAGAR,201306 C-11, Site-4, Kasna Industrial Area, greater Noida Uttar Pradesh 201306 ,GAUTAM BUDDHA NAGAR,201306  Greater Noida 201306",Gautam Buddha Nagar,UTTAR PRADESH
6684,ELIFECYCLE MANAGEMENT PVT LTD,Recycler,Registration Granted,Authorization,"Sy No 468, 470, 471 and 472, Theegapur Village, Kothur Rangreddy District  HYDERABAD 509228",Hyderabad,TELANGANA
5081,Elxion Private Limited,Recycler,Registration Granted,Authorization,Elxion Recycling Property No 157/133/2 Sy No 210/7 Gabbadi Village Kanakapura Road  Harohalli Industrial  Area Ramanagara   Harohalli 562112,Ramanagar,KARNATAKA
7675,ENDEAVOR RECYCLERS INDIA PRIVATE LIMITED,Recycler,Registration Granted,Authorization,"71//14/2/2, 71//15/1, Village- Hassangarh Tehsil- Sampla, District- Rohtak, Haryana-124404 ROHTAK  ROHTAK 124501",Rohtak,HARYANA
6575,Enviro Green Recycling,Recycler,Registration Granted,Authorization,Plot No 736-737 Village Tarsadi  Surat 394120,Surat,GUJARAT
284,EnviroKare Recycling Solutions Pvt. Limited,Recycler,Registration Granted,Authorization,"Sy. No.402, Raikal (V) Farooqnagar (M)  Rangareddy 509202",K.V.Rangareddy,TELANGANA
58659,ENVITECH RECYCLING PRIVATE LIMITED,Recycler,Registration Granted,Authorization,"KHASRA NO 775, INDUSTRIAL AREA, HAPUR ROAD ALLIPUR JIJMANA MEERUT UTTAR PRADESH 245206  MEERUT 245206",Meerut,UTTAR PRADESH
129,E-Pragathi Recycling,Recycler,Registration Granted,Authorization,"66,Plot no 66, Shed C &amp; D , Road No 18 Antharasanahally II Phase Ind Area, Antharasanahalli,  Tumkur 572106",Tumkur,KARNATAKA
123,E-pragathi Recycling Pvt Ltd,Recycler,Registration Granted,Authorization,"Plot No. 564, Survey No. 55,52, II Phase Industrial Area, Yalladadalu Hobli, Kora, Vasanthanarasapura, Tumkur 572138  Tumkur 572138",Tumkur,KARNATAKA
268,EPSILON CIRCULAR INFRASTRUCTURE PRIVATE LIMITED,Recycler,Registration Granted,Authorization,"Khata No-00195, Khasara No-1801/1 Rataul  Khekada 250101",Bagpat,UTTAR PRADESH
7224,ER3 SOLUTIONS PRIVATE LIMITED,Recycler,Registration Granted,Authorization,"Plot No 105, Road No 3, KIADB Bengaluru IT Park, Mahadevakodigehalli, Bengaluru, Bengaluru Urban, Karnataka, 562149  Bengaluru 562149",Bangalore,KARNATAKA
8849,E SCRAPPY RECYCLERS,Recycler,Registration Granted,Authorization,106 Andharahalli Main Road Byraveshwara Industrial estate near shushruthi bank Peenya 2nd stage  Bengaluru 560091,Bangalore,KARNATAKA
64004,E SURVIVAL RECYCLING PRIVATE LIMITED,Recycler,Registration Granted,Authorization,"195/1C Chincholikati, NH465 Chincholikati Mohol  Solapur 413213",Solapur,MAHARASHTRA
7987,ETCO EWASTE RECYCLER PRIVATE LIMITED,Recycler,Registration Granted,Authorization,"SB-22-23, SHILP BARI, ROAD NO. 14, VKI AREA,  jaipur 302013",Jaipur,RAJASTHAN
7678,E TECH E WASTE RECYCLING,Recycler,Registration Granted,Authorization,"SY NO.1096 NANDIGAMA, Nandigam  Hyderabad 509228",K.V.Rangareddy,TELANGANA
162,evergreen e-waste management private ltd,Recycler,Registration Granted,Authorization,"plot no 30 kamla amrut industrial park , Ph-2, Budasan  Kadi 382715",Mahesana,GUJARAT
297,Evergreen Recyclekaro India Private Limited,Recycler,Registration Granted,Authorization,"GROUND FLOOR, UNIT NO-8, BUILDING NO 5, SECTOR 3 MILLENIUM BUSINESS PARK, MAHAPE NAVI MUMBAI, Thane, Maharashtra  Navi Mumbai 400701",Thane,MAHARASHTRA
8158,E WARDD and  CO,Recycler,Registration Granted,Authorization,"NO.11, MUTHACHARI INDUSTRIAL  AREA, NAYANDANAHALLI CHANDRALAYOUT, Bangalore Karnataka, 560039  Bangalore 560039",Bangalore,KARNATAKA
134,E-Waste Recyclers India,Recycler,Registration Granted,Authorization,"INDUSTRIAL SHED NO. 15, , ROZKA MEO INDUSTRIAL AREA, NUH, Mewat, Haryana, 122103   NUH, Mewat 122103",Mewat,HARYANA
5415,E-Waste Recyclers India ,Recycler,Registration Granted,Authorization,"Khasra No. 266, 110 K. M. Mile Stone, Delhi-Agra Highway NH-2, Tehsil-Chhata, DisttMathura,MATHURA,281403   Mathura 281403",Mathura,UTTAR PRADESH
273,E-Waste Recyclers India (Unit 3),Recycler,Registration Granted,Authorization,"E-50 UPSIDC INDUSTRIAL AREA KOSI KOTWAN, KOSI, MATHURA UTTAR PRADESH 281403   MATHURA 281403",Mathura,UTTAR PRADESH
68,E WASTE SOLUTIONS,Recycler,Registration Granted,Authorization,"KHASRA NO 8//16, 17/1, 25/1, VILLAGE KHASRUPUR Kusli pur  PALWAL 121101",Palwal,HARYANA
7474,Exigo Recycling Private Limited,Recycler,Registration Granted,Authorization,"Barsat Road, Village Barsat, Near Victor School Karnal  Karnal 132001",Karnal,HARYANA
149,EXIGO RECYCLING PVT LTD,Recycler,Registration Granted,Authorization,Opposite Kirpal Ashram Main Barsat Road  PANIPAT 132103,Panipat,HARYANA
260,Ezwaste Recycling,Recycler,Registration Granted,Authorization,"KHASRA NO.38, VILLAGE SARDHAN, BUDHANA ROAD,, KHATAULI,   Muzaffarnagar 251201",Muzaffarnagar,UTTAR PRADESH
2795352,FLORUS RECYCLING PRIVATE LIMITED,Recycler,Registration Granted,Authorization,"GAT NO 30 , RAM NAGAR ROAD NEAR POWER HOUSE  PUNE 412216",Pune,MAHARASHTRA
28558,Foxx Compliance Services Private Limited,Recycler,Registration Granted,Authorization,E-1 Tajopur Industrial Area Mau  Mau 275101,Mau,UTTAR PRADESH
208,GALAXY RECYCLING,Recycler,Registration Granted,Authorization,"plot no. 52&amp; 53, kishan ind. area Vill. Bharudi, Tal: Gondal  Rajkot 360311",Rajkot,GUJARAT
262,ganpati scraps,Recycler,Registration Granted,Authorization,"112 E,VISHKARMA,MANSARAVAR,BAGHPAT ROAD VILL.PANCHLI 112 E,VISHKARMA,MANSARAVAR,BAGHPAT ROAD VILL.PANCHLI  MEERUT 250002",Meerut,UTTAR PRADESH
7925,Gauvins Green Management Pvt Ltd,Recycler,Registration Granted,Authorization,"Har Singh Pura Bus Stop, KHEWAT NO 266 RUGS CREATION, MAIN ALIPUR ROAD, TEHSIL GHARAUNDA, HAR SINGH PURA  Karnal 132114",Karnal,HARYANA
49351,GLACIER ENVIRO INDIA PVT LTD,Recycler,Registration Granted,Authorization,KHASRA NO 322 VILL TOPRI GHUNNA PARGANA TEHSIL  SAHARANPUR 247120,Saharanpur,UTTAR PRADESH
20554,GLOBAL COPPER PVT LTD,Recycler,Registration Granted,Authorization,"Block no. 56P, Survey No 65-66 Village Garadiya, Jarod-Samlaya Road, Taluka Savli  Vadodara 391520",Vadodara,GUJARAT
52,Global E-Recycling Private Limited,Recycler,Registration Granted,Authorization,"Plot No. 1, Gala No. 2, Plot No. 2, Gala No. 3 Chaudhari Industrial Estate, Wakanpada, Dhaniv  Vasai Virar 401208",Thane,MAHARASHTRA
12758,GLOBAL TECH RECYCLERS,Recycler,Registration Granted,Authorization,"Beside Industrial Area,#8/5 2nd Building,1st cross, Kachohalli and Machohalli Main road, Dasanupura Hobali, Lakshmi Post Bangalore Beside Industrial Area,#8/5 2nd Building,1st cross, Kachohalli and Machohalli Main road, Dasanupura Hobali, Lakshmi Post Bangalore  Bangalore 562162",Bangalore,KARNATAKA
158,Global Waste Solution,Recycler,Registration Granted,Authorization,"Khasra No. 71/22/2, 23/2/1, 74//3/2/1 Village Ram Nagar  Tehsil Ganaur 131001",Sonipat,HARYANA
157,Global Waste Solution Unit-II,Recycler,Registration Granted,Authorization,"Kila No. 45//19/1/1/3, 19/1/1/4, 20/2/1, 20/2/2   Village Dhaturi 131039",Sonipat,HARYANA
9143,Globe EWaste Management,Recycler,Registration Granted,Authorization,"Survey or Block No 539 Paiky 1, Nani Vavdi Road Moje, Gariadhar, Bhavnagar  Gariadhar 364505",Bhavnagar,GUJARAT
219,GL RECYCLING LLP,Recycler,Registration Granted,Authorization,"SURVEY NO 108, VILLAGE SOLIYA,  Rajkot 360030",Rajkot,GUJARAT
247,GO Green Managment LLP,Recycler,Registration Granted,Authorization,"G1-612N  kHUSHKHERA, RIICO Industrial Area Bhiwadi RIICO INDUSTRIAL AREA KHUSHKHERA   Khuskhera Bhiwadi 301707",Alwar,RAJASTHAN
1596554,Grandeur Recycling Private Limited,Recycler,Registration Granted,Authorization,"KILLA NO 28//21/2 , VILLAGE BARU SONIPAT   SONIPAT 131022",Sonipat,HARYANA
973117,Green Care E Waste Recycling,Recycler,Registration Granted,Authorization,"Unit No. 9, Ground Floor, Building 63/KS-1 Village Pogaon, Tal. Bhiwandi, Dist. Thane  Bhiwandi 421302",Thane,MAHARASHTRA
111,Green Clean Recyclers LLP,Recycler,Registration Granted,Authorization,"Near Railway Crossing, KHASRA NO. 0687, HISALI ROAD DUHAI INDUSTRIAL AREA, HISALI ROAD MURADNAGAR  GHAZIABAD 201206",Ghaziabad,UTTAR PRADESH
6367,GREENCUBE RECYCLING PRIVATE LIMITED,Recycler,Registration Granted,Authorization,"EKTA TOWER, SHOP No.6/FF, VASNA BERAGE ROAD,  AHMEDABAD 380007",Ahmedabad,GUJARAT
144,GREEN ENVIRO E WASTE RECYCLING,Recycler,Registration Granted,Authorization,"Sy. No. 729, Pochampally (v), B. Pochampally (M) Yadadri Bhuvangiri Dist.   pochampally 508284",Nalgonda,TELANGANA
880747,Green Era Recyclers,Recycler,Registration Granted,Authorization,"SF.No 91/1B, D.No 4/221,  Seerapalayam, Bodipalayam Madukarai Taluk, Coimbatore, Tamil nadu-641105  Coimbatore 641105",Coimbatore,TAMIL NADU
13756,GREENHOLICS RECYCLERS PRIVATE LIMITED,Recycler,Registration Granted,Authorization,KH NO 1192 KHATA NO 00100 MAUJA RATAUL KHEKRA RATAUL KHEKRA RATAUL  KHEKRA 250101,Bagpat,UTTAR PRADESH
2627065,GREENIFY WASTE SOLUTIONS PRIVATE LIMITED,Recycler,Registration Granted,Authorization,"KHASRA NO 138, GARHMUKTEHWAR, LINK ROAD PALWARA GARHMUKTESHWAR, HAPUR, UTTAR PRADESH 245205  GARHMUKTESHWAR 245205",Hapur,UTTAR PRADESH
150,Green India E-Waste and Recycling OPC Pvt Ltd,Recycler,Registration Granted,Authorization,"Survey No. 7, Hissa No. 1/B Post Dahisar  Thane 400612",Thane,MAHARASHTRA
1718109,GREEN INDIA RECYCLERS,Recycler,Registration Granted,Authorization,"26/1B PART, SOOLAKAL VILLAGE, KOVILPALAYAM ROAD KINATHUKADAVU TALUK  COIMBATORE 642110",Coimbatore,TAMIL NADU
8913,Green IT Recycling Centre Pvt Ltd,Recycler,Registration Granted,Authorization,D222 MIDC Ranjangaon Near Dhananjay Metal  Ranjangaon 412209,Pune,MAHARASHTRA
9338,Green Life E waste Recycling Pvt Ltd,Recycler,Registration Granted,Authorization,Plot NO 11 G No 40 Karodi Aurangabad  Aurangabad 431136,Aurangabad,MAHARASHTRA
9784,GREENLINK RECYCLERS PRIVATE LIMITED,Recycler,Registration Granted,Authorization,KHASRA NO 1641 DASNA KHUSILYA ROAD TEHSIL-GHAZIABAD  GHAZIABAD 201001,Ghaziabad,UTTAR PRADESH
2625227,GREEN NEXUS RECYCLERS PRIVATE LIMITED,Recycler,Registration Granted,Authorization,"PLOT NO E-69,E-70 INDUSTRIAL AREA KOSI KOTWAN -1A  MATHURA 281403",Mathura,UTTAR PRADESH
8823,GREEN ROOTS WASTE MANAGEMENT PVT LTD ,Recycler,Registration Granted,Authorization,"Khasra No. 6, Gajraula Dhyan Singh, Tehsil, Kanth,MORADABAD,244501 MORADABAD , UP  MORADABAD 244501",Moradabad,UTTAR PRADESH
2907215,Greenscape Eco Management Pvt Ltd,Recycler,Registration Granted,Authorization,PLOT NO 203 & 203A MATSYA INDUSTRIAL AREA ALWAR  ALWAR 301030,Alwar,RAJASTHAN
133,Greenscape Eco Management Pvt Ltd,Recycler,Registration Granted,Authorization,"F-588 to F-591 MIA , Alwar  Alwar 301030",Alwar,RAJASTHAN
2401212,GREENSENSE WASTE RECYCLING MANAGEMENT PRIVATE LIMITED,Recycler,Registration Granted,Authorization,"KHASRA NO.3, NEAR GULSHAN FACTORY, VILL- NAIRANA, MUZAFFARNAGAR, U.P-251203   MUZAFFARNAGAR 251203",Muzaffarnagar,UTTAR PRADESH
6129,Greens Recology Company,Recycler,Registration Granted,Authorization,"GROUND FLOOR, PLOT NO 415 SY NO 3/14, KIADB, VASANTHANARASAPURA INDUSTRIAL AREA, YALADADLU VILLAGE KORA HOBLI, Tumakuru (Tumkur)  Tumakuru 572138",Tumkur,KARNATAKA
8680,GREEN TECH RECYCLING ,Recycler,Registration Granted,Authorization,KHASRA NO  645 ACCHRAUNDA BAHADURPUR ROAD PARTAPUR INDUSTRIAL AREA MEERUT  MEERUT 250103,Meerut,UTTAR PRADESH
263,GREENTEK REMAN PRIVATE LIMITED,Recycler,Registration Granted,Authorization,"B2/12, Site B Industrial Area, Surajpur  Greater Noida 201306",Gautam Buddha Nagar,UTTAR PRADESH
9717,GREEN VALLEY EWASTE MANAGEMENT PRIVATE LIMITED,Recycler,Registration Granted,Authorization,"Gut No. 525/10 Village Ghonsai , Saza-Met,Tal. Wada, Dist. Palghar  Ghonsai , Saza-MetTal 421312",Thane,MAHARASHTRA
45652,GREEN VISION RECYCLERS PRIVATE LIMITED,Recycler,Registration Granted,Authorization,KHASRA NO - 114 VILLAGE CHANDHERI TEHSIL BUDHANA DISTT MUZAFFARNAGAR UTTAR PRADESH  MUZAFFARNAGAR 251309,Muzaffarnagar,UTTAR PRADESH
6122,GREEN VORTEX WASTE MANAGEMENT PRIVATE LIMITED,Recycler,Registration Granted,Authorization,Plot No. 331 Udyog Vihar Phase 6  Gurugram 122004,Gurgaon,HARYANA
190,GREEN WAVE E WASTE RECYCLING,Recycler,Registration Granted,Authorization,"SY. No. 1880 E, 1880EE, Nandigama Village, Ranga reddy District, Telangana-509216   RANGA REDDY 509216",K.V.Rangareddy,TELANGANA
6339,GREEN WORLD RECYCLERS,Recycler,Registration Granted,Authorization,DP No S 105  S 106 SIDCO Industrial Estate  Kakkalur 602003,Tiruvallur,TAMIL NADU
104,GREENZON RECYCLING PVT LTD,Recycler,Registration Granted,Authorization,"R-30, UPSIDC, Industrial Area, Sikandrabad, Sikandrabad,  Bulandshahar, Uttar Pradesh-203205. 203205",Bulandshahr,UTTAR PRADESH
184,GRKMS PVT LTD,Recycler,Registration Granted,Authorization,"GROUND FLOOR PLOT NO 74,29TH B CROSS,KIADB INDUSTRIAL AREA SOMPURA 1ST STAGE, BHARATHIPURA,DABASPET  BANGALORE 562111",Bangalore Rural,KARNATAKA
9395,Gujarat Green Recycling ,Recycler,Registration Granted,Authorization,PLOT NO MSME 500 SANAND-IIENGINEERING INDUSTRIAL ESTATE GIDC SANAN-II SANAND -382110 SANAND-IIENGINEERING INDUSTRIAL ESTATE GIDC  SANAND 382110,Ahmedabad,GUJARAT
9800,HASAN MALIK RECYCLING PRIVATE LIMITED ,Recycler,Registration Granted,Authorization,KHASRA NO 60 PARGANA SARAWA TEHSIL MEERUT PEEPLI KHERA MEERUT  MEERUT 245206,Meerut,UTTAR PRADESH
171,HAYAT E-RECYCLERS PVT LTD,Recycler,Registration Granted,Authorization,"PLOT NO. F-53-54, M.G. ROAD INDUSTRIAL AREA, HAPUR HAPUR  HAPUR 245101",Hapur,UTTAR PRADESH
2889968,HCAS RESOURCES PRIVATE LIMITED,Recycler,Registration Granted,Authorization,"Khasra No 63, 64, Hapur Road Industrial Area Peepli Khera  Meerut 245206",Meerut,UTTAR PRADESH
155,Hind Recycling Pvt Ltd,Recycler,Registration Granted,Authorization,"G-459,460 Upsidc Industrial Area MG Road Ghaziabad   Ghaziabad 201015",Ghaziabad,UTTAR PRADESH
258,HINDUSTHAN RECYCLING,Recycler,Registration Granted,Authorization,At NH-314 Vill City Madhuban Po Chakata Ps Hura Dist Purulia   Purulia 723130,Puruliya,WEST BENGAL
161,HIN GREEN E-WASTE RECYCLING PRIVATE LIMITED,Recycler,Registration Granted,Authorization,"KHASRA No. 733, 737, Baral, Partapur, Delhi Road, Meerut-250103, Uttar Pradesh   MEERUT 250103",Meerut,UTTAR PRADESH
9248,HITECH ECO GREEN,Recycler,Registration Granted,Authorization,Plot no 104 A Nelamangala Taluk Sompura Industrial Area 1st Stage Dobaspet Industrial Area  Bangalore 562132,Bangalore Rural,KARNATAKA
193,Hi-Tech Recycling India Pvt Ltd,Recycler,Registration Granted,Authorization,"Property No.193, Gat No.89, Jai Ganesh Warehousing, Pune Satara Road, Shindewadi Tal.Bhor  Pune 412205",Pune,MAHARASHTRA
17380,HME WASTE MANAGEMENT,Recycler,Registration Granted,Authorization,"PLOT NO. G1/226, RLLCO INDUSTRIAL AREA KAHARANI  Bhiwadi 301019",Alwar,RAJASTHAN
8712,HOME LAND ENVIRO ENGINEERS INDIA PVT LTD,Recycler,Registration Granted,Authorization,183 INDUSTRIAL DEVOLOPMENT PARK PUTLLAM PALLI  KADAPA 516004,Cuddapah,ANDHRA PRADESH
232,HORIZON RECYCLING PVT LTD,Recycler,Registration Granted,Authorization,"35, Dehradun Road, Kumar Hera  Saharanpur 247001",Saharanpur,UTTAR PRADESH
12710,IKON RECYCLERS,Recycler,Registration Granted,Authorization,"Basement Floor No-5,2nd cross, 2nd main road, Pete Channappa industrial Estate,Kamakshipalya, Magadi main road, Bengaluru Basement Floor No-5,2nd cross, 2nd main road, Pete Channappa industrial Estate,Kamakshipalya, Magadi main road, Bengaluru  Bangalore 560079",Bangalore,KARNATAKA
6240,Inclusive Recycling Foundation,Recycler,Registration Granted,Authorization,"C-26, Meerut Rd Industrial Area, Meerut Road Industrial Area, Site III  Ghaziabad 201003",Ghaziabad,UTTAR PRADESH
8944,INDIA BEST WAY RECYCLING,Recycler,Registration Granted,Authorization,Ground 1st and 2nd Floor No 33 and 155 Kumbalagoodu village Kengeri Hobli  Bangalore 560074,Bangalore,KARNATAKA
181,Infinity Green E recycling Solutions,Recycler,Registration Granted,Authorization,Plot No 347 M Udyog Kendra 2  Ecotech 3 201306,Gautam Buddha Nagar,UTTAR PRADESH
5068,JACSGREEN RECYCLING PRIVATE LIMITED,Recycler,Registration Granted,Authorization,"A5/4, SIPCOT INDUSTRIAL COMPLEX MANGAL KOOT ROAD, CHEYYAR TALUK  TIRUVANNAMALAI 631701",Tiruvannamalai,TAMIL NADU
6165,Jeenali Trading & Comm. Ser. Pvt. Ltd.,Recycler,Registration Granted,Authorization,"Gut No. 68/1, Bhiwandi - Wada Road, Near US Pharma Khupari, Palghar, Maharashtra  Khupari 421312",Thane,MAHARASHTRA
5736,J S Pigments Pvt Ltd,Recycler,Registration Granted,Authorization,"Vill &amp; P.O-Jarura, P.S Polba, Delhi Road,  Hooghly 712138",Hooghly,WEST BENGAL
174,Justdispose Recycling Pvt.Ltd,Recycler,Registration Granted,Authorization,"Survey No: 42/5,Kaddu industrial Estate, Near Jasraj Ind.Estate,Sativalli fata, Sativalli Vasai East  Vasai East Dist: Palghar 401208",Thane,MAHARASHTRA
1482039,KA E-WASTE SOLUTION LLP,Recycler,Registration Granted,Authorization,"PLOT NO F566, M G ROAD INDUSTRIAL AREA, UPSIDC DISTT HAPUR GHAZIABAD, UTTAR PRADESH, HAPUR, 201003  HAPUR 201003",Hapur,UTTAR PRADESH
9392,KALPANA E RECYCLER,Recycler,Registration Granted,Authorization,"PLOT NO 18-19, SURVEY NO 2486 MADHUBAN INDUSTRIAL PARK, VILLAGE KUHA, TALUKA DASKROI AHMEDABAD, AHMEDABAD GUJARAT-382433  AHMEDABAD 382433",Ahmedabad,GUJARAT
5713,Kamal Electronics Refurbishing Of E Waste Solutions	,Recycler,Registration Granted,Authorization,"Sy No:227/A1,227/Lu,227Luu,227/A2,227/A3, 227/A1/A,227/A/2/1,238/2A1,238/2/AA,238/2/A,  Atmakur Village  Sadasivpet 502291",Medak,TELANGANA
194,K.J. RECYCLERS,Recycler,Registration Granted,Authorization,"C 38, SANJAY GANDHI NAGAR, INDUSTRIAL AREA   JALANDHAR 144004",Jalandhar,PUNJAB
294,KWIKSTOP RECYCLING SOLUTIONS PVT LTD,Recycler,Registration Granted,Authorization,"I-3,UPSIDC SIKANDRABAD INDUSTRIAL AREA SIKANDRABAD  SIKANDRABAD 203206",Bulandshahr,UTTAR PRADESH
6223,LAXMINARAYANA RECYCLERS LLP,Recycler,Registration Granted,Authorization,PLOT NO 49 NAIK ENTERPRISES UNNAMED ROAD AGANAMPUDI  VISAKHAPATNAM 530046,Visakhapatnam,ANDHRA PRADESH
8505,Liberty Recycling ,Recycler,Registration Granted,Authorization,Survey No 1439 Old Survey No 256/1/5 Near Balda Industrial Park Vill Balda Ta Pardi Di Valsad 396125  Balda 396125,Valsad,GUJARAT
9359,LIMR RECYCLING PRIVATE LIMITED,Recycler,Registration Granted,Authorization,PLOT NO G - 256 MASURI GULAWATI ROAD INDUSTRIAL AREA HAPUR HAPUR -245101  HAPUR 245101,Hapur,UTTAR PRADESH
8419,Lubrina Recycling Pvt Ltd,Recycler,Registration Granted,Authorization,"Joychandipur PO Bakrahat PS Bishnupur Patherberia Gram Panchayat  S-24, PARGANAS 743377",South 24 Parganas,WEST BENGAL
7536,MAHAARANA INDUSTRIES PRIVATE LIMITED,Recycler,Registration Granted,Authorization,"Survey no. 466 AND 475, Village Timba TAL- DASKROI, DIST - AHMEDABAD  AHMEDABAD 382425",Ahmedabad,GUJARAT
8612,MAHALAXMI METALLOYS INDIA PVTLTD,Recycler,Registration Granted,Authorization,"PLOT NO 92, SIKEDA INDUSTRIAL AREA, SIKEDA ROAD, MODINAGAR, Ghaziabad, Uttar Pradesh, 201204 MODINAGAR  MODINAGAR 201204",Ghaziabad,UTTAR PRADESH
755716,M A K Technology Industrial,Recycler,Registration Granted,Authorization,"No.SP-5, Veersandra IE, phase II, 2nd cross Husukur main road, electronics city, bengaluru urban  bengaluru 560100",Bangalore,KARNATAKA
202,Mangalam Ecs Environment Pvt Ltd,Recycler,Registration Granted,Authorization,"Block No. 24, Paiki, Village-Vautha Taluka- Dholka  Ahmedabad 382225",Ahmedabad,GUJARAT
9118,MERCURY METAL INDUSTRIES,Recycler,Registration Granted,Authorization,PLOT NO D-35 INDUSTRIAL AREA MAHAD MAHAD  MAHAD 402309,Raigarh(MH),MAHARASHTRA
1653787,MKK E WASTE RECYCLERS,Recycler,Registration Granted,Authorization,"plot no.292, AH 47, BELUR IA Dharwad, karnataka  dharwad 580011",Dharwad,KARNATAKA
13205,MOBITECH E-WASTE RECYCLER -run by-MOBITECH LLP,Recycler,Registration Granted,Authorization,Khewat no - 339 Dugran Guhana Road Sonipat Bhatgaon Dogran Sonipat Haryana  Sonipat 131022,Sonipat,HARYANA
217,MOOGAMBIGAI METAL REFINERIES,Recycler,Registration Granted,Authorization,"PLOT NO.132 A INDUSTRIAL AREA, BAIKAMPADY  MANGALORE 575011",Dakshina Kannada,KARNATAKA
9235,MORE BRIGHT E WASTE RECYCLER PVT LTD ,Recycler,Registration Granted,Authorization,"C- 78, PHASE - III, M,G ROAD INDUSTRIAL AREA HAPUR  HAPUR 245101",Hapur,UTTAR PRADESH
23845,M/s BHAGYALAKSHMI LABORATORIES LIMITED,Recycler,Registration Granted,Authorization,"Plot No 33,34,35,36 Shri Shakti Udyog Nagar,Opp St john College, Veour Village Palghar 401404  Palghar 401404",Thane,MAHARASHTRA
135,M/s. E-Parisaraa Pvt. Ltd.,Recycler,Registration Granted,Authorization,"Karnataka Industrial Area Development, Board Dobaspet Industrial Area, Dobaspet, Bengaluru (Bangalore) Rural, Karnataka, 562111 Dobaspet Industrial Area  Bangalore Rural District 562111",Bangalore Rural,KARNATAKA
138,"M/s. E-Parisara Pvt.Ltd,",Recycler,Registration Granted,Authorization,"Plot no.42 A/4, Sy. no 285 Part and Sy. No.288(P), APIIC Industrial Park, Gollapuam(V), Hindupuram(M), Ananthapuram District  Hindupuram 515211",Ananthapur,ANDHRA PRADESH
300,M/s. JRS RECYCLING SOLUTIONS PVT. LTD,Recycler,Registration Granted,Authorization,"Gala No.428, Survey No.74, Hissa No. 2A Garib Nawaz Estste, Old Mumbai Pune Road, Dahisar, Dist-Thane  Dahisar 400612",Thane,MAHARASHTRA
8803,MS LALIT INDUSTRIES,Recycler,Registration Granted,Authorization,PLOT NO 15 SECTOR - B INDUSTRIAL AREA MANDIDEEP TAL GOHARGANJ  MANDIDEEP 462046,Raisen,MADHYA PRADESH
510699,MS PRO WORLD GREEN PVT LTD,Recycler,Registration Granted,Authorization,"KHASRA NO 57, 58 VILL DIKOLI ALIPUR JIJMANA MEERUT  MEERUT 245206",Meerut,UTTAR PRADESH
30960,Nagraj Ewaste Recycling ,Recycler,Registration Granted,Authorization,S No 41 Village Asoli Mauza Mahalgaon Tah Kamptee Dist Nagpur 441204 S No 41 Village Asoli Mauza Mahalgaon Tah Kamptee Dist Nagpur 441204  Nagpur 441204,Nagpur,MAHARASHTRA
122,Namo Ewaste Management Limited,Recycler,Registration Granted,Authorization,"14/1, Milestone, Main Mathura Road Near NHPC Chowk Metro Station  Faridabad 121003",Faridabad,HARYANA
222,Naturevolt Recyclers India Pvt Ltd,Recycler,Registration Granted,Authorization,Plot No 323 Sector 24 Industrial Area   FARIDABAD 121007,Faridabad,HARYANA
6382,NEW FRIENDS WASTE MANAGEMENT,Recycler,Registration Granted,Authorization,"Plot No 243, Udyog Vihar Phase VI Sector - 37 Pace City II  Gurugram 122004",Gurgaon,HARYANA
8863,New India Sales Corporation,Recycler,Registration Granted,Authorization,"Plot no. C1B-1915, GIDC Estate, Panoli, Dist. Bharuch  Ankleshwar 394115",Bharuch,GUJARAT
69,NIRVANA RECYCLING PVT LTD,Recycler,Registration Granted,Authorization,"D-6, D-7, HSIDC, SECTOR-37,   Gurgaon 122001",Gurgaon,HARYANA
9146,NPEWASTE PVT LTD,Recycler,Registration Granted,Authorization,NO 96 KOORGALLI INDUSTRIAL AREA  BELVADI POST  MYSORE 570018,Mysore,KARNATAKA
285,NVSP TRADERS PRIVATE LIMITED,Recycler,Registration Granted,Authorization,KHASRA NO 200/1/1 2 3 VILLAGE GESHUPUR SHUMALI TEHSIL MAWANA  MEERUT 250406,Meerut,UTTAR PRADESH
746944,OZONE WASTE LLP,Recycler,Registration Granted,Authorization,"PLOT NO A 26, 27 SATHARIYA SATHARIYA INDUSTRIAL DEVELOPMENT AUTHORITY  MOGRA BADSHAHPUR 222202",Jaunpur,UTTAR PRADESH
9114,PAMP PRECISION MANUFACTURING INDIA PRIVATE LIMITED,Recycler,Registration Granted,Authorization,Rojka Meo Industrial Estate Tehsil Nuh  Mewat 122103,Mewat,HARYANA
8447,P AND Y BHAVYA RECYCLERS PRIVATE LIMITED,Recycler,Registration Granted,Authorization,Survey No 260 Village Navanagar  Himatnagar 383220,Sabarkantha,GUJARAT
7970,PAYAS RECYCLERS,Recycler,Registration Granted,Authorization,PLOT NO 28 29 30 SURVEY NO 2139 PARSHWA INDUSTRIAL PARK VILL RAJPUR TALUKA KADI  MAHESANA 382740,Mahesana,GUJARAT
754027,PEGASUS ENVIRONMENT LLP,Recycler,Registration Granted,Authorization,"D-13, KHASRA NO. 2, 4,VILLAGE RAJARAMPURNEKNAMPUR SIKANDARABAD INDUSTRIAL AREA, BULANDSHAHR  BULANDSHAHR 203205",Bulandshahr,UTTAR PRADESH
14844,PEGASUS ENVIRONMENT LLP,Recycler,Registration Granted,Authorization,HC 23 24 HD 17 18 19 INDUSTRIAL AREA GOPALPUR  SIKANDERABAD 203205,Bulandshahr,UTTAR PRADESH
14817,PEGASUS ENVIRONMENT LLP,Recycler,Registration Granted,Authorization,KHASRA NO 372M IN FRONT OF JOKHABAD POWER HOUSE VILLAGE SAVLI BULANDSHAHR  SIKANDERABAD 203205,Bulandshahr,UTTAR PRADESH
2722049,PEGASUS ENVIRONMENT LLP,Recycler,Registration Granted,Authorization,PLOT NO. B-12 INDUSTRIAL AREA  SIKANDERABAD 203205,Bulandshahr,UTTAR PRADESH
137,Pegasus Waste Management Pvt Ltd,Recycler,Registration Granted,Authorization,"Khata No. 781, Rect. No. 125,, Killa no. 16/2, 17/2, 24/2,2, Khewat No. 654/617 min, Rect no. 126 Binola  Gurugram 122413",Gurgaon,HARYANA
20954,Pideax Consulting Pvt Ltd,Recycler,Registration Granted,Authorization,"Survey no. 1/1,1/4,1/6 village Dehriya Khurd, Shreenath Warehouse Dehariya Khurd, Sehore Madhya Pradesh  Sehore 466111",Sehore,MADHYA PRADESH
233,PRAKRUTHI RECYCLING PVT LTD,Recycler,Registration Granted,Authorization,"B3 B4 KSSIDC , KUDUMALAKUNTE INDUSTRIAL AREA, GOWRIBIDANUR  CHIKKABALLAPUR 561208",Chikkaballapur,KARNATAKA
17687,PRIMERO RECYCLING PRIVATE LIMITED,Recycler,Registration Granted,Authorization,"Survey no.1/7, 1/8, Shree Jagannath Ware house, Dehriya  Khurd Dehriya  Khurd Sehore Madhya Pradesh  Sehore 466111",Sehore,MADHYA PRADESH
5181,PROGRESSIVE RECYCLER LLP,Recycler,Registration Granted,Authorization,"D-45, MIDC CHAKAN INDUSTRIAL AREA, PHASE - 2, KHED, PUNE  PUNE 410501",Pune,MAHARASHTRA
5225,PROMETHEUS RECYCLING PRIVATE LIMITED,Recycler,Registration Granted,Authorization,"800 and 801, land no. 786/4, 799/1, dilawar ka pura, susera, gwalior, Gwalior, Madhya Pradesh, 474010  Gwalior 474010",Gwalior,MADHYA PRADESH
13144,PROPLANET RECYCLERS LLP,Recycler,Registration Granted,Authorization,"Plot No. 285-E, Sy. No. 25(P), Yandrakayipura Village, Narasapura Hobli, Kolar Taluk and District Kolar   Kolar 563133",Kolar,KARNATAKA
211,PRUTHVI E-RECYCLE PVT.LTD,Recycler,Registration Granted,Authorization,"PLOT NO 12, SURVEY NO 160/1 Paiki 1, TIRUPATI  Industrial Area, Lothada,Near J.K Bio Fuel,Rajkot,0, Rajkot Gujarat  ESTATE LOTHADA LOTHADA, Rajkot  Rajkot 360002",Rajkot,GUJARAT
8918,PURE EARTH RECYCLERS PRIVATE LIMITED,Recycler,Registration Granted,Authorization,"western Hills, H.NO.23-311/B, Plot 167C, Addagutta Society, Opp JNTU, Kukatpally, Hyderabad, Telangana, 500072  HYDERABAD 500072",Hyderabad,TELANGANA
1610177,P U STEEL & ELECTRO PROCESS PRIVATE LIMITED,Recycler,Registration Granted,Authorization,Ruiya Industrial Complex Patulia  Khardaha North 24 Parganas 700119,North 24 Parganas,WEST BENGAL
12203,PYTHONIC WASTE SERVICES PRIVATE LIMITED,Recycler,Registration Granted,Authorization,"KHASRA NO-37/12/2 MIN 13/1/2 MIN 18/3/2.9, ESTATC NATHUPUR, DISTRICT SONEPAT, Sonipat, Haryana, 131029   Nathupur 131029",Sonipat,HARYANA
165,Rajdhani Recycling Private Limited,Recycler,Registration Granted,Authorization,Plot No. F- 416 MG ROAD INDUSTRIAL AREA  HAPUR 245301,Hapur,UTTAR PRADESH
13162,RAMDASS TRADING COMPANY,Recycler,Registration Granted,Authorization,"G1-177-C, MATASYA INDUSTRIAL AREA  ALWAR 301030",Alwar,RAJASTHAN
8829,RASHI E WASTE SOLUTIONS PRIVATE LIMITED,Recycler,Registration Granted,Authorization,No. SW 51 Shed No 26 Phase II Doddaballapura Apparel Park Doddaballapura Taluk Bengaluru Rural  Doddaballapura 561203,Bangalore,KARNATAKA
106,RBH E-Waste Recycle Hub Pvt Ltd,Recycler,Registration Granted,Authorization,"130, HSIIDC, RAI INDUSTRIAL ESTATE PHASE-1  SONIPAT 131029",Sonipat,HARYANA
264,Reboot Resources Private Limited,Recycler,Registration Granted,Authorization,"Sy No 29, 30 & 31 Ramdaspalle (V), Ibrahimpatnam (M Rangareddy District  Hyderabad 501510",K.V.Rangareddy,TELANGANA
142,RECFLY RECYCLERS PRIVATE LIMITED,Recycler,Registration Granted,Authorization,"Khasra No.714, Khata No. 157, Mauja Pilana, Village Pilana,  Baghpat 250615",Bagpat,UTTAR PRADESH
176,Re-Chakra Waste Management LLP,Recycler,Registration Granted,Authorization,"Re-chakra Waste Management LLP Plot No-18,Sector-6,Faridabad Haryana 121006  Faridabad 121006",Faridabad,HARYANA
117,RECOLOGY RECYCLING INDIA PRIVATE LIMITED,Recycler,Registration Granted,Authorization,"KHASRA NO-69,70,71 VILLAGE PIPLE  KHEDA, PARGANA SARAWA, Meerut,  Uttar Pradesh, 250002   Meerut 250002",Meerut,UTTAR PRADESH
8700,RECOTECH E WASTE MANAGEMENT,Recycler,Registration Granted,Authorization,"Recotech E-Waste Management ,Plot No. 36-37 , Aashrwad Industrial Estate, GIDC Naka, Sachin Surat City  Surat 394230",Surat,GUJARAT
109,RECYCLICO WASTE MANAGEMENT,Recycler,Registration Granted,Authorization,"KHASRA NO 169, KHATAUNI NO 00105, UNNAMED, SAHASWAN, Dhakpura Tappa Haveli,  BUDAUN 243638",Budaun,UTTAR PRADESH
13913,RECYCLING VILLA,Recycler,Registration Granted,Authorization,"PLOT NO 127, JASHAN CITY KOHARA SAHNEWAL LINK ROAD JANDIALI LUDHIANA  EAST LUDHIANA 141112",Ludhiana,PUNJAB
8681,RECYTRONICS WASTE SOLUTIONS LLP,Recycler,Registration Granted,Authorization,Survey No 90/A Mangalpally Patelguda  Ibrahimpatnam 501510,K.V.Rangareddy,TELANGANA
9857,RENAVART RECYCLERS INDIA PRIVATE LIMITED,Recycler,Registration Granted,Authorization,"Sy.No. 183, Deshmukhi Village Pochampally Mandal yadadri bhuvanagiri Rangareddy  Hyderabad 501512",Nalgonda,TELANGANA
860053,RESCALEX,Recycler,Registration Granted,Authorization,"17,Off Ponneri High Road,Manali New Town, Sadayankuppam,Chennai TamilNadu   Chennai 600103",Chennai,TAMIL NADU
40057,RESOURCE E WASTE SOLUTIONS PRIVATE LIMITED,Recycler,Registration Granted,Authorization,"H-30, KOSI KOTWAN INDUSTRIAL AREA, TEHSIL CHATTA, Kosikalan Rural,  Mathura 281403",Mathura,UTTAR PRADESH
148,Resource e waste solutions pvt ltd,Recycler,Registration Granted,Authorization,F-97/F-9 Bhadrabad Industrial Area haridwar  Haridwar 249402,Haridwar,UTTARAKHAND
278,Re Sustainability Reldan Refining Private Limited,Recycler,Registration Granted,Authorization,"HWMP-Survey.No.684/1, Dundigal Village Quthubullapur mandal, Medchal-Malkajgiri(District)  Hyderabad 500043",Hyderabad,TELANGANA
7506,Reteck Envirotech India Pvt Ltd,Recycler,Registration Granted,Authorization,Plot No F-7  Additional Pathalganga MIDC  Chavane Village Panvel Taluka   Raigad Dist  Rasayani 410208,Raigarh(MH),MAHARASHTRA
1736136,ROLEX ENTERPRISES,Recycler,Registration Granted,Authorization,"S. No. 156, Hissa No. 4/1, Village- Dhansar, Taluka- Panvel, District: Raigad- 410208 Maharashtra   PANVEL 410208",Raigarh(MH),MAHARASHTRA
1879919,ROYAL E WASTE RECYCLING CO,Recycler,Registration Granted,Authorization,"KHASRA NO. 361, 362/3, VILLAGE HUSSAINPUR BOPADA, PARGANA AND TEHSIL KHATOLI MUZAFFARNAGAR  MUZAFFARNAGAR 251203",Muzaffarnagar,UTTAR PRADESH
58991,ROYAL FAIZ RECYCLING PRIVATE LIMITED,Recycler,Registration Granted,Authorization,PLOT NO I-22 MASURI GULAWATI ROAD INDUSTRIAL AREA HAPUR  HAPUR 201254,Hapur,UTTAR PRADESH
8408,Rplanet Integrated Solution Pvt Ltd,Recycler,Registration Granted,Authorization,Plot No 201 202 Old Block No 264-265 Paiki 1 Village-Zank Tal-Dahegam  Gandhinagar 382305,Gandhi Nagar,GUJARAT
8634,RPN Industries ,Recycler,Registration Granted,Authorization,"Plot-B2, KSSIDC INDUSTRIAL AREA, MYSORE ROAD, KUMBALGODU KENGERI HOBLI BANGALORE SOUTH TALUK KUMBALGODU  BANGALORE 560074",Bangalore,KARNATAKA
13755,RY RECYCLERS,Recycler,Registration Granted,Authorization,"HG67 2G7 Eastern Unnao Industrial City, Unnao, Wajidpur Urf Rajepur  Unnao 209801",Unnao,UTTAR PRADESH
8927,SAFDAR E RECYCLING PRIVATE LIMITED,Recycler,Registration Granted,Authorization,"70 UPSIDC, M G Road  GHAZIABAD 201002",Hapur,UTTAR PRADESH
5238,SAHYASOLUTIONS GROUP OF WASTE MANAGEMENT,Recycler,Registration Granted,Authorization,3/310 BADAYIL ESTATE MELORAM P.O PERUVANTHANAM  PERUVANTHANAM 685532,Idukki,KERALA
235,saisriwastemanagementpvtltd,Recycler,Registration Granted,Authorization,"54 Nehru Nagar Pallipalayam(PO),kumarapalayam taulk  Namakkal 636006",Namakkal,TAMIL NADU
41535,Sas Tech E Waste Recycling Solutions,Recycler,Registration Granted,Authorization,Plot No G 286 Road No 1 RIICO Industrial Area  Ratangarh 331022,Churu,RAJASTHAN
9275,Sayma Ewaste solutions,Recycler,Registration Granted,Authorization,"Factory addres  SR.NO.323,, URALI DEVACHI, URALI DEVACHI, Pune, Maharashtra, 412308  Pune 412308",Pune,MAHARASHTRA
124,Scape E Recycler Private Limited,Recycler,Registration Granted,Authorization,"Plot 11-12, 17-18, 26-28 Chanakya Nagari  Purna 431511",Parbhani,MAHARASHTRA
5193,Scope Recycling Private Limited,Recycler,Registration Granted,Authorization,"GATA NO 109, BANIYA KHERA, TEHSILCHANDAUSI,, SAMBHAL,244412, SAMBHAL   Chandausi 244412",Sambhal,UTTAR PRADESH
8297,SEZ RECYCLING,Recycler,Registration Granted,Authorization,"TP 7 4TH AVENUE, MAHINDRA WORLD CITY SEZ ZONE, CHENGALPATTU  Chengalpet 603002",Kanchipuram,TAMIL NADU
241,SHIVALIK SOLID WASTE MANAGEMENT LIMITED UNIT-2,Recycler,Registration Granted,Authorization,Village upperla nangal Village upperla Nangal - Nalagarh  SOLAN 174101,Solan,HIMACHAL PRADESH
167,Shiv Shakti Metals,Recycler,Registration Granted,Authorization,"Khasra No 545, Sikheda Road, Vill-Phaphrana, Sikheda Road Industrial Area  Modinagar 201204",Ghaziabad,UTTAR PRADESH
218,shukla e-waste processor,Recycler,Registration Granted,Authorization,H 309 B RIICO Industrial Area  Bhiwadi 301019,Alwar,RAJASTHAN
635620,Silicon Planet Recycling Private Limited,Recycler,Registration Granted,Authorization,"Sy. No. 247 and 248, Thumkunta (V), Bommalaramaram (M Yadadri Bhuvanagiri District  Hyderabad 508116",Nalgonda,TELANGANA
7540,SK Enterprises,Recycler,Registration Granted,Authorization,"Plot No. 134/1, 183, Industrial Estate Pune Road, Kedgaon, Industrial Estate, Ahmednagar,  ahmednagar 414005",Ahmed Nagar,MAHARASHTRA
2396790,S K E WASTE DISPOSAL,Recycler,Registration Granted,Authorization,"Gut No 679/2/3 Alandi Kuruli Road, Near Tower weigh Bridge Village Kuruli, Tal. Khed, Dist. Pune  Pune 410501",Pune,MAHARASHTRA
215,Sky Green Waste Recycling Management,Recycler,Registration Granted,Authorization,"Khasra No 51,53,54,66,20,21 VILLAGE PIPLIKHERA INDUSTRIAL AREA, HAPUR ROAD  MEERUT 250002",Meerut,UTTAR PRADESH
13760,SMASH RECYCLER PRIVATE LIMITED,Recycler,Registration Granted,Authorization,"KHASRA NO. 265/3, 267/2, VILLAGE DHIKOLI, MEERUT, Meerut, Uttar Pradesh, 250002   Meerut 250002",Meerut,UTTAR PRADESH
2743178,S N SUSTAINABLE RESOURCES PRIVATE LIMITED,Recycler,Registration Granted,Authorization,"F-2 UPSIDA Industrial Area, Gopalpur  Sikandrabad 203205",Bulandshahr,UTTAR PRADESH
9400,SOGO SYNERGY PRIVATE LIMITED,Recycler,Registration Granted,Authorization,"SW-17B, Apparel Park-Phase II, Doddabellapura Industrial Area, Doddabellapura  BANGALORE 561203",Bangalore Rural,KARNATAKA
245,SONAL METACOP,Recycler,Registration Granted,Authorization,"Sy no. 8/1, Plot no. 5,5/1, Kachohalli, Kachohalli Industrial Estate, Dasanapura Hobli, Laxmipura Post,  Bengaluru 562123",Bangalore,KARNATAKA
255,SORIAAN RECYCLERS PRIVATE LIMITED,Recycler,Registration Granted,Authorization,"Plot. No. 39 A and B , 2nd Phase, 2nd Sector, Bosch Road, Bidadi Industrial Area, Ramanagara Karnataka   ramanagara 562109",Ramanagar,KARNATAKA
128,Star E Processors,Recycler,Registration Granted,Authorization,"KH. NO. 1273, Pehchan No.-75/10/22, Mandir Hasaud, Arang, Raipur,  Raipur 492101",Raipur,CHHATTISGARH
5045,Suritex Private Limited,Recycler,Registration Granted,Authorization,"Suritex Pvt Ltd , plot no B-111 , MIDC Industrial Area, Butibori  Nagpur 440001",Nagpur,MAHARASHTRA
14374,S V Greentech Private Limited,Recycler,Registration Granted,Authorization,"Gut No. 517/1 &amp; 529, AT-Kelthan Village, Vada Palghar Kelthan Palghar, Maharashtra - 401204  Mumbai 401204",Mumbai,MAHARASHTRA
60066,Swachh Bharat Recycling Company,Recycler,Registration Granted,Authorization,KHASRA NO 43 ALIPUR  MEERUT 250001,Meerut,UTTAR PRADESH
48547,TARUNA E-WASTE INDUSTRIES,Recycler,Registration Granted,Authorization,"Mahalakshmi Tent House, SEHORE, INDUSTRIAL AREA, Badiyakheri, Sehore, Sehore, Madhya Pradesh, 466001 Badiyakheri, Sehore, Sehore, Madhya Pradesh, 466001  Sehore 466001",Sehore,MADHYA PRADESH
13622,TECHAZAR E-CYCLERS PRIVATE LIMITED,Recycler,Registration Granted,Authorization,"SF No. 379/1B1, MOTHER INDIA INDUSTRIAL ESTATE, SEERAPALAYAM LINK ROAD, MADUKARAI,   Coimbatore 641050",Coimbatore,TAMIL NADU
141,TechEco Waste Management LLP,Recycler,Registration Granted,Authorization,"Gat No. 155/B/2, At Post Dhakambe Village Taluka Dindori, Nashik  Nashik 422004",Nashik,MAHARASHTRA
145,Technogreen Recycling Pvt. Ltd.,Recycler,Registration Granted,Authorization,"SUR, No. 376,377, Sanand, Modasar  Ahmedabad 382220",Ahmedabad,GUJARAT
286,TERRANOVA ECO MANAGEMENT PVT LTD,Recycler,Registration Granted,Authorization,"Plot No.59/263/1/19/5, Ground , First and Second Floor , Survey No.19/5,19/8,19/9 and 19/11,NH4,Malaonagathihalli, T.Begur,Nelamangala,  Bangaluru 561123",Bangalore Rural,KARNATAKA
131,TES-AMM (INDIA) PRIVATE LIMITED,Recycler,Registration Granted,Authorization,"A-18 SIPCOT Industrial Growth Center Panrutti A village Oragadam, Sriperumbudur Taluk, Kancheepuram District  Oragadam 631604",Kanchipuram,TAMIL NADU
209,TES AMM (INDIA) PVT LTD,Recycler,Registration Granted,Authorization,"No.8,Sy.No.118, Machohalli Village, Mookambika Temple Road, Magadi Main Road,   Bangaluru 560091",Bangalore,KARNATAKA
5690,THAPAR DISPOSAL INDUSTRIES,Recycler,Registration Granted,Authorization,902-A/5/6 CHARA MANDI ROAD   AMBALA CITY 134003,Ambala,HARYANA
76,Think Recycling Private Limited,Recycler,Registration Granted,Authorization,B-77 KSSIDC INDUSTRIAL ESTATE BOMMASANDRA  BENGALURU 560099,Bangalore,KARNATAKA
192,THRECO RECYCLING LLP,Recycler,Registration Granted,Authorization,"Hissa no. 1, Plot 153 and 149, Hedavli Village, Khopoli Pali Road,  Pali 410205",Raigarh(MH),MAHARASHTRA
9661,TRANS THANE CREEK WASTE MANAGEMENT ASSOCIATION,Recycler,Registration Granted,Authorization,"Plot No-128, TTC Waste Management, TTC MIDC, Near L&amp;T Infotech, Mahape,  Navi Mumbai 400710",Thane,MAHARASHTRA
5282,Trivendent Technologies Pvt Ltd (Zolopik,Recycler,Registration Granted,Authorization,"No 7A1, KIADB, INDUSTRY POWDER COATING, off Whitefield Road Kadugodi Industrial Area, Bengaluru, Bengaluru Urban  Bengaluru 560067",Bangalore,KARNATAKA
108,UNICARE E WASTE RECYCLER,Recycler,Registration Granted,Authorization,"Plot no 9/1, Raj industrial Park-lll Village-karchiya,Jarod-Savli-Highway,Ta: Savli  District: Vadodara 391520",Vadodara,GUJARAT
289,Unique Eco Recycle,Recycler,Registration Granted,Authorization,"Patwari Halka No 26, Survey No. 332/2/9 Nemawar Road, Palda  Indore 452001",Indore,MADHYA PRADESH
5544,UNIVERSAL POWER SOLUTIONS,Recycler,Registration Granted,Authorization,"Khewat No. 120/113 Khatoni No. 148 Kh No 15, Killa No. 6/2/2, 3-10 Vill-Heerapur Sub-Tehsil- Mohna Ballabgarh, Ballabgarh, Faridabad, Haryana, 121004   FARIDABAD 121004",Faridabad,HARYANA
2803131,URBAN EDGE ENVIRONMENT PRIVATE LIMITED,Recycler,Registration Granted,Authorization,"KHASRA NO 23, RUKANDDINPUR MISHRI URF PHAPHUNDA, HAPUR ROAD   MEERUT 250002",Meerut,UTTAR PRADESH
173,VANS CHEMISTRY PVT LTD,Recycler,Registration Granted,Authorization,"94/5, 13 &amp;14, SSR Layout, Kannahalli, Seegehalli, Magadi Road  Bangalore 560112",Bangalore,KARNATAKA
115,VIROGREEN INDIA PRIVATE LIMITED,Recycler,Registration Granted,Authorization,"S.NO.297/1B-2, NO.49, PAPPANKUPPAM VILLAGE S.R.KANDIGAI ROAD  GUMMIDIPOONDI 601201",Tiruvallur,TAMIL NADU
21680,Vorgoo Recycling Private Limited,Recycler,Registration Granted,Authorization,Plot No 214 sector 3 IMT Bawal Bawal Rewari  Bawal 123401,Rewari,HARYANA
8932,VOZON COMSOF PVT LTD,Recycler,Registration Granted,Authorization,Survye No 19/9 Buchade wasti Near Indira Collage Road Marunjji Tal Mulshi dist  pune  Pune 411057,Pune,MAHARASHTRA
199,WASTE PRO RECYCLING,Recycler,Registration Granted,Authorization,"Khasra No 35 and 36, udayrampur Nangla DHAULANA  Hapur 201015",Hapur,UTTAR PRADESH
5325,WASTE RECYCLING STUDIO,Recycler,Registration Granted,Authorization,"Plot No-347 ,Sector-3 ,Phase-2 IMT Bawal ,Rewari , Haryana, 123501  Bawal 123501",Rewari,HARYANA
156,Wastetech Recycling Company,Recycler,Registration Granted,Authorization,"HD-7, UPSIDC INDUSTRIAL AREA, SIKANDRABAD,  Bulandshahar 203206",Bulandshahr,UTTAR PRADESH
7632,WB E Waste Control Management Pvt Ltd   ,Recycler,Registration Granted,Authorization,173/205 Maheshrekha Kulgachia Tulsiberia Road Tulsigram Panchayat (Near Mahindra  Howrah 711306,Howrah,WEST BENGAL
105,WEEE PRO RESOURCE RECOVERY SOLUTIONS PRIVATE LIMITED,Recycler,Registration Granted,Authorization,"Plot No. F-39, Industrial Area Sikandrabad, Gopalpur, Bulandshahr  Sikandrabad 203001",Bulandshahr,UTTAR PRADESH
234,WEEE-PRO RESOURCE RECOVERY SOLUTIONS PRIVATE LIMITED,Recycler,Registration Granted,Authorization,"E-24 INDUSTRIAL AREA, SIKANDRABAD  Sikandrabad 203205",Bulandshahr,UTTAR PRADESH
5848,WESTERN RECYCLER,Recycler,Registration Granted,Authorization,"PLOT NO 633,SURVEY NO 8-2 SHILPHATA PANVEL ROAD,AT POST DAHISER,DIST THANE  AT POST DAHISER 400612",Thane,MAHARASHTRA
130,WE THE RECYCLING COMPANY,Recycler,Registration Granted,Authorization,H.No 2212 Ambika City Road Borpada Bhiwandi   Bhiwandi 421302,Thane,MAHARASHTRA
9620,WORLD WIDE RECYCLERS,Recycler,Registration Granted,Authorization,KHASRA NO 745 HAPUR ROAD ALLIPUR JIJMANA INDUSTRIAL AREA  MEERUT 250002,Meerut,UTTAR PRADESH
103,Z Enviro Industries Pvt. Ltd.,Recycler,Registration Granted,Authorization,"Plot No. 106 &amp; 107, Pulimamidi Village Kandukur Mandal  Ranga Reddy District 501359",K.V.Rangareddy,TELANGANA
