Address,City
"208, 2ND FLOOR,DENA BANK BUILDING, NIRAV CHAMBER,SECTOR: 9/A,BANKING CIRCLE,370201",BANKING CIRCLE
"OFFICE NO. 21, 22 ,1ST FLOOR,,KASEZIA BUILDING,NEAR PNB BANK,GANDHIDHAM,370230",GANDHIDHAM
"130 MODI STREET,,LOKHNDWALA BUILDING,4TH FLOOR ROOM NO 12-13,FORT,MUMBAI,400001",MUMBAI
"I-39,301.,POONAM SAGAR COMPLEX,OPP-SECTOR-09,MIRA ROAD(EAST),401107",
"1ST FLOOR,ATP HOUSE,BHALPARA ROAD,NEAR BHALKA RAILWAY CROSSING,362269",NEAR BHALKA RAILWAY CROSSING
"213/214,,MANI COMPLEX,,PLOT NO. 84, SECTOR - 8,,GANDHIDHAM - KUTCH - GUJARAT,370201",GANDHIDHAM - KUTCH - GUJARAT
"23 2ND FLOOR,GEETA SADAN,N S ROAD,MULUND (WEST) MUMBAI,400080",MUMBAI
"2/16,,JAYDURGA CHAWL,,L.M.ROAD,DAHISAR -WEST,400068",DAHISAR -WEST
"708, SHELTON SAPPHIRE,SHELTON SAPPHIRE,PLOT NO. 18/19, SECTOR-15,CBD BELAPUR, NAVI MUMBAI,400614",NAVI MUMBAI
"36, 2ND FLOOR,,ANAM NIWAS,,M.G.ROAD,MULUND-WEST, MUMBAI,400080",MUMBAI
"104,CHAMPAPURI,NEW MUNDRA,NEW MUNDRA,370421",NEW MUNDRA
"OFFICE NO. 117,GOKUL PARK,,PLOT NO. 356,WARD 12B, GANDHIDHAM,370201",GANDHIDHAM
"102,SADGURU EMPIRE,ADANI PORT ROAD,MUNDRA,370421",MUNDRA
"355 D,SUDHARSHAN BUNGLOW,DAV SCHOOL,ADIPUR,370205",ADIPUR
"OFFICE NO.111 FIRSR FLOOR,SECTOR-8, PLOT NO.93,RISHABH CORNER, TAGORE ROAD,NEAR - K.D.B.A GYMKHANA, GANDHIDHAM,370201",GANDHIDHAM
"OFFICE NO.05, PLOT NO.45,MARITIME HOUSE BUILDING,SECTOR - 7,GANDHIDHAM - KUTCH,370201",GANDHIDHAM - KUTCH
"FLAT NO-4/PLOT NO-5&6,5&6 WARD AE BHARAT NAGAR,5&6 WARD AE BHARAT NAGAR,GANDHIDHAM,370201",GANDHIDHAM
"PLOT NO 120,,DC2,GANDHIDHAM,GANDHIDHAM,370201",GANDHIDHAM
"SHOP NO 09 PLOT NO 80,SECTOR 9/C,NATIONAL HIGHWAY,GANDHIDHAM,370201",GANDHIDHAM
"322, 3RD FLOOR, D WING,,NEELKANTH BUSINESS PARK,,KIROL VILLAGE NEAR BUS DEPOT,,VIDYAVIHAR (W),MUMBAI,400086",MUMBAI
"A-204,,SWAROOP CENTER BEHIND MATERY PARK,OM NAGAR ANDHERI EAST,ANDHERI,400099",ANDHERI
"SHOP NO 3,PANCHRATNA COMPLEX,PLOT NO 169,WARD 12 B , GANDHIDHAM,370201",GANDHIDHAM
"43, EMPIRE TOWER, NEAR ASSOCIATED,PETROLEUM, C.G.ROAD,,PANCHAVATI,AHMEDABAD,380006",AHMEDABAD
"OFF. NO. 4&5 GALAXY HOTEL,1ST FLOOR,OFF SHUBHAM PETROL PUMP SHAKTI NAGAR,MUNDRA,370230",MUNDRA
"SECOND FLOOR,RIDDHI SIDDHI ARCADE 3,SECTOR 8,GANDHIDHAM,370201",GANDHIDHAM
"5TH FLOOR,,CITY POINT,,OPP. TOWN HALL,,JAMNAGAR,361001",JAMNAGAR
"OFFIC NO 140,SHAKTI PLAZA, ZERO POINT,ADANI PORT ROAD,MUNDRA,370421",MUNDRA
"OFFICE NO.215,RIDDHI SIDDHI ARCADE-II,PLOT NO. 40, OPP.HONDA ACTIVA SERVICE STATION,CHAMBER OF COMMERCE ROAD,GANDHIDHAM,370201",GANDHIDHAM
"PLOT NO. 8/9,NR ST BUS STAND,BUNDER ROAD,MUNDRA,370421",MUNDRA
"1ST FLOOR,ASIA SHIPPING SERVICES,PLOT NO.59 SECTOR 1/A,BEHIND MUNCIPAL MARKET, GANDHIDHAM KUTCH,370201",GANDHIDHAM KUTCH
"PLOT NO 80/B,,WARD - 9/AF,ODHAVRAM SOCIETY,BHARAT NAGAR, GANDHIDHAM,370240",GANDHIDHAM
"S-2, 55/113,,R E APARTMENT,A P ROAD,CHOOLAI,,CHENNAI,TAMILNADU,600112",TAMILNADU
"OFFICE NO.201, 2ND FLOOR,NILESH OWNER ASSOCIATION,,NEAR KDBA GYMKHANA,,SECTOR 8,370201",
"104,,ASOPALAV ARCADE,PLOT NO. 004,SECTOR-09A,370201",A
"ROOM NO. 85,86,C-145 PHASE V,BINDRA COMPLEX FOCAL POINT,LUDHIANA,141010",LUDHIANA
"225, 2ND FLOOR,CITY CENTRE,THE MALL,KANPUR,208001",KANPUR
"5/391, CALDWELL COLONY,5TH STREET,.,TUTICORIN,628002",TUTICORIN
"PLOT NO.116/02,WARD 3A,ADIPUR,ADIPUR,370205",ADIPUR
"D-102,NEAR HANUMAN TEMPLE,AMBABARI,JAIPUR, RAJASTHAN,302039",RAJASTHAN
"PLOT NO.2, SECTOR-12/B,,NEAR P.S.L. NATIONAL HIGHWAY,,KASEZ ROAD,,GANDHIDHAM,370230",GANDHIDHAM
"305,PANLEE COMPLEX,SARDARPATEL SEWASAMAJ HALL,MITHAKALI,380006",MITHAKALI
"OFFICE NO. 215,,GOLDEN HEIGHTS , 2ND FLOOR,PLOT NO.12, SECT. 8,,GANDHIDHAM,370201",GANDHIDHAM
"103/104,KANCHAN JUNGHA APP.,OPP CRICKET BUNGLOW,JAMNAGAR,361001",JAMNAGAR
"FIRST FLOOR, PLOT NO.142,GIRISH COMPLEX,SECTOR NO.1/A,GANDHIDHAM,370201",GANDHIDHAM
"PLOT NO.130/B,,APNANAGAR,,GANDHIDHAM,,KACHCHH,GUJARAT,,370201",
"PLOT NO. 2,BEHIND EXCOM HOUSE,,SAKIVIHAR ROAD, SAKINAKA,ANDHERI (E), MUMBAI,400072",MUMBAI
"OFFICE NO- 18, PLOT NO - 36,,KUKREJA ESTATE,,SECTOR - 11,CBD BELAPUR, NAVI MUMBAI, MAHARASHTRA,400614",MAHARASHTRA
"OFFICE NO 08,MANI COMPLEX,PLOT NO 84 , SECTOR 8,NEAR RAAMLEELA MAIDAN,370201",NEAR RAAMLEELA MAIDAN
"1ST FLOOR, OFFICE NO.103, PLOT NO. 120,RIDHI SIDHI ARCADE- III,SECTOR-8, GANDHIDHAM,KUTCH - GUJARAT,370201",KUTCH - GUJARAT
"OFFICE NO, M-8,,MEZZANINE FLOOR,RATNAKALA ARCADE,,NEAR IDBI BANK,,ADANI PORT ROAD, MUNDRA, KUTCH,370421",KUTCH
"PLOT NO. 79, OFFICE NO. 2, GIDC DHRUB,,MUNDRA KUTCH,ADANI PORT ROAD,GIDC RAGOLI,370421",GIDC RAGOLI
"PATEL AVENUE,PLOT NO 170, SECTOR 1A,IIND FLOOR,GANDHIDHAM KUTCH,370201",GANDHIDHAM KUTCH
"SHIPPING HOUSE,KUMTHA STREET,BALLARD ESTATE,MUMBAI,400001",MUMBAI
"8,PLOT NO. 368, 369 & 377,WARD 3/B,,ADIPUR,370205",ADIPUR
"OFFICE NO. 02, PLOT NO. 06, WARD 7-B,,TIME SQUARE 2, FIRST FLOOR,,GURUKUL AREA, GANDHIDHAM,,GANDHIDHAM, KACHCHH, GUJARAT,,370201",
"2ND FLOOR 2/3,KALKAJI EXTN,DELHI,SOUTH DELHI,110019",SOUTH DELHI
"201,NAVRATAN BUILDING,69 P D MELLO ROAD,CARNAC BUNDER,400009",CARNAC BUNDER
"10,12TH FLOOR,1201-A WING,GODREJ COLISEUM,,OFF SOMAIYA ROAD, EVERARD NAGAR,MUMBAI, MAHARASHTRA - 400022,400022",
"OFFICE NO S02,ARJANS MALL,SECTOR 8 PLOT NO 118 119,GANDHIDHAM,370201",GANDHIDHAM
"1ST FLOOR, UNIT NO 11, B WING 111,SHREE NAND DHAM,PLOT NO 59, SECTOR-11,CBD BELAPUR, NAVI MUMBAI,400614",NAVI MUMBAI
"BUKHARI SHIPPING AND LOGISTICS,OPP PANJRAPOLE COMPLEX,NEAR ST STAND,MUNDRA,370421",MUNDRA
"ADD: 2ND FLOOR 11, RAJDEEP COMPLEX PLOT NO. 15, SECTOR 9, NR, BANKING CIRCLE GANDHIDHAM - 370201,RAJDEEP COMPLEX,BANKING CIRCLE,BANKING CIRCLE,370201",BANKING CIRCLE
"OFFICE NO 1,2,& 7,MANJU TOWER,PLOT NO 296, WARD 12/B,NEAR OLD COURT,370201",NEAR OLD COURT
"OFFICE NO.17, 2ND FLOOR,,NAKDANG KRUPA COMPLEX,,PLOT NO.78, GIDC, OPP. TATA MOTORS SHOW ROOM, NEAR RANGOLI GATE,,ADANI PORT, MUNDRA,370421",MUNDRA
"1415,SUTHARWADAS POLE,ASTODIA,AHMEDABAD,380001",AHMEDABAD
"OFFICE NO 406,SKY LARK BUILDING,PLOT NO 63 SECTOR 11,CBD BELAPUR NAVI MUMBAI,400614",CBD BELAPUR NAVI MUMBAI
"OFFICE NO 16 336/343,GANDHIDHAM,WARD NO 12/B,KACHCHH,370201",KACHCHH
"B-67,GROUND FLOOR,VISHWAKARMA COLONY,M.B. ROAD,NEW DELHI,110044",NEW DELHI
"OFFICE NO. 20,1ST FLOOR, PLOT NO.102, CORPORATE PARK, SECTOR 8,GANDHI DHAM KACHCHHESS,GANDHI DHAM KACHCHHESS,370201",GANDHI DHAM KACHCHHESS
"D-7,SHAKTI NAGAR,OFF. TAGORE ROAD,GANDHIDHAM, KUTCH,370201",KUTCH
"OFFICE NO 11 - 12 GROUND FLOOR,SADGURU EMPIRE,ADANI PORT ROAD , VILLAGE DHRUB,TALUKA MUNDRA KUTCH,370421",TALUKA MUNDRA KUTCH
"B.B.Z-S-32/A,CARGO HOUSE,,MAIN MARKET,GANDHIDHAM,370201",GANDHIDHAM
"335/2 DAYA COMPLEX,1ST FLOOR,NH-8,RANGPURI,110037",RANGPURI
"13, NEELAM COMPLEX, SECOND FLOOR,PLOT NO. 298, WARD 12/B,GANDHIDHAM,GANDHIDHAM,370201",GANDHIDHAM
"SHYAM PARAGON,2ND FLOOR, DBZ- SOUTH/61A,NEAR ROTARY BHAVAN, GANDHIDHAM,KUTCH- 370201, GUJARAT.,370201",
"902/ 903,THE QUBE, 9TH FLOOR, A WING,,M V ROAD, MAROL,,ANDHERI (EAST), MUMBAI, INDIA,400059",INDIA
"OFFICE NO. 108, PLOT NO 93,,SECTOR NO. 8,,GANDHIDHAM,KACHCHH, GUJARAT,370201",GUJARAT
"ROOM NO 102. 1ST FLOOR,ANKRIKSH APARTMENT,NEAR SABARI HOTEL,BAROI ROAD KUTCH GUJARAT,370421",BAROI ROAD KUTCH GUJARAT
"2ND FLOOR, KULKARNI PATIL BHAVAN,OPP. NEW EMPIRE CINEMA,MARZBAN ROAD,FORT MUMBAI,400001",FORT MUMBAI
"B 507, PRANIK CHAMBER,5TH FLOOR, SAKI VIHAR ROAD,SAKINAKA JUNCTION,ANDHERI(E) MUMBAI,400072",MUMBAI
"OFFICE NO. 106, 1ST FLOOR,,BUILDING NO.A, NIRMAAN BY SHUBHAM,,MUNDRA PORT ROAD, NEAR YASH ENTRPRISE,NANA KAPAYA, MUNDRA,370421",MUNDRA
"303,ABHIRAJ COMPLEX,SWASTIK SOCIETY,NAVRANGPURA,380009",NAVRANGPURA
"OFFICE NO 17,,GHANSHYAM COMPLEX,,NEW ADANI PORT ROAD,,MUNDRA-KUTCH,370421",MUNDRA-KUTCH
"II FLOOR,252 F,EAST OF KAILASH,SANT NAGAR NEW DELHI,110065",SANT NAGAR NEW DELHI
"PLOT NO 254,GOLDEN CITY,MEGHPAR BORICHI, ANJAR,S NO 88/1,370110",
"MOTIWALA COMPLEX,NR NADIWALA NAKA,MUNDRA,KACHCHH, GUJARAT,370421",GUJARAT
"SURVEY NO-159 P-29,PLOT NO-1 OFFICE NO-7,FIRST FLOOR ARBUDA ARCADE OPP.,VILLAGE DHURB AWI REFINERY MPSEZ ROAD KUTCH,370421",VILLAGE DHURB AWI REFINERY MPSEZ ROAD KUTCH
"227 2ND FLOOR MANALI TOWER,PLOT NO 110 SECTOR NO 8,GANDHIDHAM,KUTCH GUJARAT,370201",KUTCH GUJARAT
"1,,DEEPAK COMPLEX,PLOT NO. 315,WARD 12/B,370201",B
"OFFICE NO. 201,VARUNISHA CROSSWAY,PLOT NO 589 WARD 12C,GANDHIDHAM,370201",GANDHIDHAM
"316, PLOT NO 589,VARUNISHA CROSSWAY,,WARD 12C/C , GANDHIDHAM,KUTCH - GUJARAT,370201",KUTCH - GUJARAT
"205-206,2ND FLOOR,VARMA CHAMBERS,11 HOMJI STREET, FORT,MUMBAI,400001",MUMBAI
"205-206, 2ND FLOOR,VARMA CHAMBERS,11 HOMJI STREET, FORT,MUMBAI,400001",MUMBAI
"FIRST FLOOR,STALL NO. 30,MAIN BAZAAR,GANDHIDHAM,370201",GANDHIDHAM
"302,PORT USER BUILDING,ADANI PORT ROAD,MUNDRA PORT,370421",MUNDRA PORT
"NIMIDATA PLOT NO.110,OPP IFFCO WARD , 10/BC ,,TAGORE ROAD,GANDHIDHAM,370201",GANDHIDHAM
"DELUXE HOUSE,182,MODI STREET,FORT,400001",FORT
"12/21,EAST PATEL NAGAR,NEW DELHI,NEW DELHI,110008",NEW DELHI
"1005,SAKAAR 3,OPP OLD HIGH COURT,NEAR INCOME TAX CIRCLE,380009",NEAR INCOME TAX CIRCLE
"PLOT NO.261 OFFICE NO.1,RADHASWAMI KRUPA BUILDING,GANDHIDHAM KUTCH,GUJARAT,370201",GUJARAT
"OFFICE NO 114,,FIRST FLOOR, SUNSHINE ARCADE 2,NEAR NR BROTHERS,GANDHIDHAM,370201",GANDHIDHAM
"A-501,DIPTI CLASSIC,SUREN ROAD,NR L&T HEALTH CENTRE,ANDHERI EAST ,MUMBAI,400093",MUMBAI
"OFFICE NO 210,2ND FLOOR NIRAV CHAMBER ASSOCIATION,ABOVE BANK OF BARODA,SECTOR 9 PLOT NO 13,GANDHIDHAM,370201",GANDHIDHAM
"OFFICE NO.15,TG TERMINALS PVT LTD,BHARAT CFS ZONE-1 ADANI PORT &,SEZ LTD,MUNDRA KUTCH,370421",MUNDRA KUTCH
"PLOT NO.23-24/A,NAVODAYA,SURVEY NO.215 KALAPURNA ASHISH SOCIETY BAROI RAOD,MUNDRA KUTCHH,GUJARAT,370421",GUJARAT
"PLOT NO.23-24/A,NAVODAYA,SURVEY NO.215 KALAPURNA ASHISH SOCIETY BAROI RAOD,MUNDRA KUTCHH,GUJARAT,370421",GUJARAT
"203, DHIRAJ CHAMBER,BEHIND GANDHIDHAM MUNICIPALITY,PLOT NO. 36, SECTOR 9,GANDHIDHAM,370201",GANDHIDHAM
"8TH FLOOR, OFFICE NO. A/6, & UNIT NO. A2,,SAFAL PROFITAIRE, PRAHLALADNAGAR,CORPORATE ROAD,SATELITE AHMEDABAD,380051",SATELITE AHMEDABAD
"3028,CENTRAL BAZAAR,VARACHHA ROAD,OPP. VARACHHA POLICE STATION, MINI BAZAR, VARACHHA,395006",VARACHHA
"61 / B,SHREEKABIR BUNGLOW,HINGLAJ-2,OPP ST. XAVIOUS SCHOOL,370421",XAVIOUS SCHOOL
"OFFICE NO 02, 02ND FLOOR,SHIV SHAKTI COMPLEX,PLOT NO 362 SEC 1A,GANDHIDHAM KUTCH GUJARAT,370201",GANDHIDHAM KUTCH GUJARAT
"ROOM NO 10, 2ND FLOOR,183,PERIN NARIMAN STREET,FORT, MUMBAI,400001",MUMBAI
"5TH FLR ANDHERI,KURLA ROAD ANDHERI E,OPP HOTEL VITS CORPORATE,MUMBAI,400059",MUMBAI
"G 509,TITANIUM CITY CENTRE,100FT ANAND NAGAR ROAD,SATELLITE, AHMEDABAD,380015",AHMEDABAD
"61,HINGLAJ 2,BAROI ROAD,HINGLAJ 2,370421",
"OFFICE NO 108, 1ST FLOOR,AMBICA ARCADE, P. NO: 300,WARD 12-B,GANDHIDHAM,370201",GANDHIDHAM
"1138/501/D,STREET NO 3,CHANDIGARH ROAD,LUDHIANA,141015",LUDHIANA
"OFFICE NO. 17/18,SONALI PARK WARD-12B,PLOT NO. 317,GANDHIDHAM,370201",GANDHIDHAM
"KULKARNI PATIL BHAVAN,2ND FLOOR, 14 MURZBAN ROAD,MURZBAN ROAD, FORT,FORT, MUMBAI,400001",MUMBAI
"407,,CREST CORNER,,TOWN HALL ROAD,,JAMNAGAR,361001",JAMNAGAR
"SECOND FLOOR, RK HOUSE,PLOT NO 320 SECTOR 1-A,GANDHIDHAM,GANDHIDHAM,370201",GANDHIDHAM
"OFFICE NO 205,2ND FLOOR , NIRAV CHAMBER ASSOCIATION PLOT NO 13 SECTOR 9 GANDHIDHAM,NIRAV CHAMBER ASSOCIATION,BANKING CIRCLE,GANDHIDHAM,370205",GANDHIDHAM
"OFFICE NO.10 ,FIRST FLOOR,,NEMNATH COMPLEX, D WING,,ABOVE CANARA BANK,NEW MUNDRA,370421",NEW MUNDRA
"196/198, NEW BHAGWAN BHUVAN,NEW BHAGWAN BHUVAN,SAMUEL STREET,MASJID BUNDER,400009",MASJID BUNDER
"OFFICE NO.13, 2ND FLOOR,SAURASHTRA CFS ADMIN BUILDING,,BHARAT CFS ZONE-1,MUNDRA-370421,370421",
"OFF NO 08 SECOND FLOOR,OJAS COMPLEX PLOT NO 69,NH 8A,GANDHIDHAM,370201",GANDHIDHAM
"PLOT NO 100, SECTOR-1/A,,BEHIND HERO SHOWROOM GANDHIDHAM -,370201, GUJARAT, INDIA,370201, GUJARAT, INDIA,370201",BEHIND HERO SHOWROOM GANDHIDHAM -
"OFFICE NO.8, 2ND FLOOR,GOLDEN POINT BUILDING,TAGORE ROAD,,GANDHIDHAM,370201",GANDHIDHAM
"S NO.376, PLOT NO.59& 60 , NR, NARAYAN NAGAR, KERA,S NO.376, PLOT NO.59& 60 , NR, NARAYAN NAGAR, KERA,MUNDRA BHUJ ROAD,KERA,370430",KERA
"303,,SARTHI COMPLEX, 3RD FLOOR,,OPP. NUTAN BHARAT CLUB,,ALKAPURI, VADODARA,390005",VADODARA
"2ND FLOOR,KANCHAN COMPLEX -II,PLOT NO. 281, SECTOR 1/,A OPP. MAMLADAR OFFICE GANDHIDHAM,370201",MAMLADAR OFFICE GANDHIDHAM
"03,GLOBAL MARINE AGENCIES,TAGOR ROAD,PLOT NO. 140, WARD 7/C,370201",C
"OFFICE NO. 23, CORPORATE PARK,,1ST FLOOR, PLOT NO. 102, SECTOR8,,OPP. BLUE CLUB,GANDHIDHAM (KUTCH),370201",
"B/20,SHREE PRAMUKH HRADAY CO. HOS. SOC.,PADRA ROAD,NEAR SANDESRA ESTATE,390012",NEAR SANDESRA ESTATE
"R. NO. 20, 4TH FLOOR,,SHARDA NIWAS,,KISAN NAGAR NO. 1,,MULUND CHECKNAKA,,400604",
"P 46, SECT-8,TRADER CENTER BUILDING,GANDHIDHAM,GANDHIDHAM,370201",GANDHIDHAM
"1ST FLOOR,,DBZ-S-132,GANDHIDHAM,,GANDHIDHAM, KUTCH GUJARAT,370201",KUTCH GUJARAT
"T-5. , SECTOR-1 , PLOT NO 77,MANGALDEEP SOCIETY,OSLO SOCIETY,OSLO,370201",OSLO
"SUIT NO.2,,GARDEN BANGLOW,CHURCH PAKHADI STREET NO. 1,SAHAR VILLAGE, ANDHERI EAST,400099",ANDHERI EAST
"PLOT NO. 18,KHASRA NO. 439, NEAR SAI MANDIR,,BEHIND IGI AIRPORT,SHAHBAAD MOHAMMAD PUR,110061",SHAHBAAD MOHAMMAD PUR
"1ST FLOOR,HARENDRA M KARIA,PLOT NO.59 SECTOR 1/A,BEHIND MUNCIPAL MARKET GANDHIDHAM KUTCH,370201",BEHIND MUNCIPAL MARKET GANDHIDHAM KUTCH
"1801 8TH FLOOR,BALAJI GARDEN CHS LTD,BEHIND INDIAN GYMKHANA,MATUNGA MUMBAI,400019",MATUNGA MUMBAI
"210, 2ND FLOOR,,RATNAKALA ARCADE,,OPP. SHUBHAM PETROL PUMP, ADANI PORT ROAD,,MUNDRA,370421",MUNDRA
"FLAT NO 9,NEELKANTH ASHISH,BHAKTI MARG, MULUND (W),MUMBAI MAHARASHTRA,400080",MUMBAI MAHARASHTRA
"A-122,3RD FLOOR,SECTOR-8 DWARKA,SOUTH-WEST DISTT.,110077",
"NU 3-B, B-149,,APNA NAGAR,GANDHIDHAM,KACHCHH GUJARAT,370201",KACHCHH GUJARAT
"304,SHAM TOWER,R N T MARG,INDORE,452001",INDORE
"B-177,,DDA SHED,OKHLA INDUSTRIAL AREA, PHASE 1,NEW DELHI,110020",NEW DELHI
"4/76 WEA,,KRISHNA MARKET,KAROL BAGH,CENTRAL DELHI,110005",CENTRAL DELHI
"15 BOMPAS ROAD 3RD FLOOR,15 BOMPAS ROAD 3RD FLOOR,15 BOMPAS ROAD 3RD FLOOR,LAKE MARKET KOLKATA,70000029",LAKE MARKET KOLKATA
"FLAT NO. 106,SUYASH PLAZA APPARTMENT,BAROI ROAD,MUNDRA DISTRICT-KUTCH GUJARAT,370421",MUNDRA DISTRICT-KUTCH GUJARAT
"PLOT NO. 105,3 LAXMI RESIDENCY,OPP. BHARAT PETROL PUMP,SHAKTI NAGAR ROAD - MUNDRA,370421",SHAKTI NAGAR ROAD - MUNDRA
"L42/353 IST FLOOR,NEAR KPS SCHOOL,MAHIPALPUR EXTEN,NEW DELHI,110037",NEW DELHI
"101/102,SPAN LAND MARK,145 ANDHERI KURLA ROAD,ANDHERI EAST MUMBAI,400093",ANDHERI EAST MUMBAI
"901A & 902,,VIKAS CENTRE,,DR. C. G. ROAD, OPP. BOMBAY PRESIDENCY GOLF CLUB,,CHEMBUR EAST MUMBAI,400074",CHEMBUR EAST MUMBAI
"DBZ - S - 132,HARDIP SHIPPING LOGISTICS P LTD,NR MAIN MARKET,GANDHIDHAM,370201",GANDHIDHAM
"UNIT NO 206 IIND FLOOR BLOCK F6 F7,VISHWAKARMA COLONY,PULPEHLADPUR M B ROAD,NEW DELHI,110044",NEW DELHI
"8,SHRADDHA COMPLEX,NEAR: HDFC BANK,,ZERO POINT,370421",ZERO POINT
"APEX SQUARE, PLOT NO.11,POCKET B-3 , SECTOR 17,NEAR SECTOR 17 POLICE STATION,DWARKA, NEW DELHI,110075",NEW DELHI
"SHIV HOUSE, 1ST FLOOR,P.NO.340,,SECTOR-1A, NEAR SHAH HOSPITAL,,GAYATRI TEMPLE ROAD,SECTOR 1A, GANDHIDHAM-KUTCH,370201",GANDHIDHAM-KUTCH
"20501,20A 501 REGENCY ESTATE KALYAN SHIL ROAD,KALYAN SHIL ROAD,DOMBIVLI,421203",DOMBIVLI
"GROUND FLOOR,AMBICA CHAMBER,B/H OLD HIGH COURT,NAVRANGPURA,380009",NAVRANGPURA
"OFFICE NO. 5,,2ND FLOOR,MICT CFS,MUNDRA,370421",MUNDRA
"HARSH PLAZA ROOM 326,BHUJ MUNDRA HIGHWAY,NANAKAPAYA, MUNDRA,KUTCH GUJARAT,370415",KUTCH GUJARAT
"102,HORIZON BUILDING,ADANI PORT ROAD,MUNDRA,370421",MUNDRA
"OFFICE NO,21,34,SHARDHA COMPLEX,ZERO POINT,HDFC BANK MUNDRA,370421",HDFC BANK MUNDRA
"PLOT NO 170,JEENA HOUSE,,PLOT NO. 170, OM NAGAR, OFF. PIPELINE ROAD,,ANDHERI (EAST), MUMBAI -,400099",MUMBAI -
"106, SKYLINE EPITOME,1ST FLOOR, OPP FATIMA SCHOOL,KIROL ROAD,VIDYA VIHAR WEST, MUMBAI,400086",MUMBAI
"BXXIX, 212/1/7K, ST NO 5,,LAXMAN NAGAR,33 FUTA ROAD, GIAS PURA,LUDHIANA,141001",LUDHIANA
"610 6TH FLOOR,TOPIWALA CENTER,OFF S.V. ROAD OPP STATION,GOREGAON WEST MUMBAI,400104",GOREGAON WEST MUMBAI
"OM GURU SHAKTI, PLOT NO. 48/8,,SECTOR 1, BEHIND MODERN SCHOOL,,OSLO SOCIETY,,NR. OSLO CIRCLE, GANDHIDHAM,370201",GANDHIDHAM
"OFFICE NO 116, FF,GOKUL PARK,PLOT NO 356, WARD 12B,GANDHIDHAM,370201",GANDHIDHAM
"ROOM NO.108,TEJABHAI TOWER, 1ST FLOOR,PLOT NO.8, SECTOR-9,GANDHIDHAM,370201",GANDHIDHAM
"OFFICE NO 6,RIDDHI SIDDHI ARCADE -3,PLOT NO 120,SECTOR 8, GANDHIDHAM,370201",GANDHIDHAM
"OFFICE NO.214-15,RISHABH CORNER,TAGORE ROAD,PLOT NO.93-SECTOR-8 GANDHIDHAM,370201",GANDHIDHAM
"102,HONEYCOMB CFS BUILDING,1ST FLOOR, AT I.O.C.L. LINK ROAD,BHARAT CFS ZONE, MUNDRA - KUTCH,370421",MUNDRA - KUTCH
"3RDFLOOR 304,ZEE SQUARE BLDG MG ROAD,OPP BANK OF BARODA,VILE PARLE EAST,400057",VILE PARLE EAST
"310/1 ,3RD FLOOR,ADMINISTRATIVE BUILDING,ICD TUGHLAKABAD,NEW DELHI,110020",NEW DELHI
"108-109.1ST FLOOR,GOLDEN PLAZA,NEAR RELIANCE SUPER MARKET,PLOT.308.WARD NO 12-B,370201",-B
"32/12, SECOND FLOOR,,EAST PATEL NAGAR,PATEL NAGAR,NEW DELHI,110008",NEW DELHI
"PLOT NO. 56-61/45,SATYAM SOCIETY,VILLAGE BORAI,TALUKA MUNDRA,370421",TALUKA MUNDRA
"53-54/A,,TANKAR ASSOCIATION BUILDING,TRANSPORT NAGAR,NATIONAL HIGHWAY, GANDHIDHAM,370201",GANDHIDHAM
"48/38, WAVOO MANSION,,6TH FLOOR ANNEX,RAJAJI SALAI PARRYS,CHENNAI,600001",CHENNAI
"302, 3RD FLOOR,K.P.AURUM,MAROL MAROSHI ROAD,MAROL NAKA, ANDHERI (EAST),,400059",
"A-30 ,,2 FLOOR, NAND DHAM INDUSTRIAL ESTATE,MAROL MAROSHO ROAD,ANDHERI EAST,,400059",
"OFFICE NO. 220, 2ND FLOOR,,GOKUL PARK, PLOT NO. 356,WARD 12/B,,GANDHIDHAM,370201",GANDHIDHAM
"OLD NO.06/NEW NO. 11 SRINIVASA NAGAR,THE DREAM,MAYOR SATHYAMOORTHY ROAD,CHETPET-CHENNAI,600028",CHETPET-CHENNAI
"PLOT NO. 445, 1ST FLOOR, SECTOR NO. 1A,,NR. ANDHRA BANK,OSLO CIRCLE,GANDHIDHAM,370201",GANDHIDHAM
"2ND FLOOR, PLOT NO.:179A,LEXICON HOUSE,SECTOR 1A,NEAR ASHADEEP EYE HOSPITAL,370201",NEAR ASHADEEP EYE HOSPITAL
"OFFICE NO: 108,C/O HONEYCOMB CFS,BHARAT CFS ZONE, IOCL LINK ROAD,MUNDRA,370421",MUNDRA
"SHOP NO 8 SADGURU EMPIRE 2,PLOT NO 2 REVENUE SURVEY NO 54/1/1/2,NEAR RASHAPIR CIRCLE VILLAGE DHRUB,TAL MUNDRA KUTCH GUJARAT,370415",TAL MUNDRA KUTCH GUJARAT
"1ST FLOOR, FLAT NO-109,PLOT NO-4, LSC NATIONAL ARCADE,,GHAZIPUR MAIN ROAD,NEW DELHI, DELHI,110096",DELHI
"OFFICE NO. 208, 2ND FLOOR,,MARUTI CORNER-II,,RASHAPIR CIRCLE,DHRUB VILLAGE,370421",DHRUB VILLAGE
"ICON COMMERCIAL PLOT NO.327,,WARD NO.12/B,,TAGORE ROAD,GANDHIDHAM, KACHCHH,370201",KACHCHH
"T.C.X NORTH NO:49, MAIN MARKET GANDHIDHAM. KUTCH. GUJARAT,T.C.X NORTH NO:49, MAIN MARKET GANDHIDHAM. KUTCH. GUJARAT,MAIN MARKET GANDHIDHAM,MAIN MARKET GANDHIDHAM,370201",MAIN MARKET GANDHIDHAM
"1ST FLOOR, OFFICE NO. 107,,NIRAV CHAMBERS,,PLOT NO. 13, SECTOR NO. 9,,GANDHIDHAM, KACHCHH, GUJARAT,,370205",
"UNIT NO-505, 5TH FLLOR,NEPTUNE UPTOWN,N S ROAD MULUND WEST,NEAR POST OFFICE,400080",NEAR POST OFFICE
"512 B,SWASTIK DISHA CORPORATE PARK,GHATKOPAR WEST,,MUMBAI,400086",MUMBAI
"OFFICE NO. 107, FIRST FLOOR,,PLOT NO. 16, SECTOR 9/A,BLUE ROSE ARCADE,GANDHIDHAM KUTCH,370201",GANDHIDHAM KUTCH
"WARD 12B ,,OFFICE NO 7,PLOT NO 331 & 332,GANDHIDHAM KUTCH,370201",GANDHIDHAM KUTCH
"427,SHRIKANT CHAMBER,V N PURAV MARG,CHEMBUR. MUMBAI,400071",MUMBAI
"OFFICE 215 PLOT NO 80 2ND FLOOR,NILESH PARK,SECTOR 8,GANDHIDHAM KUTCH,370203",GANDHIDHAM KUTCH
"216 VARUNISHA CROSSWAL,,PLOT NO. 589,,NR. POLICE STATION CHAR RASTA,WARD 12/C, GANDHIDHAM,370201",GANDHIDHAM
"BAROIWALA GATE,NR. ST STAND,BUNDER ROAD,MUNDRA,370421",MUNDRA
"OFFICE NO. 207, 2ND FLOOR,TRIVENI ARCADE, RANGOLI,ADANI PORT ROAD,MUNDRA, KUCHCHH, GUJARAT,370421",GUJARAT
"1081,URBAN ESTATE,PHASE-II,JALANDHAR,144005",JALANDHAR
"P.NO-367/A, APNA NAGAR,GANDHIDHAM,KACHCHH,GUJARAT,370201",GUJARAT
"OFFICE NO.110, FIRST FLOOR,PLOT NO. 327, WARD 12/B,,ICON BUILDING,TAGORE ROAD,,GANDHIDHAM,370201",GANDHIDHAM
"A1,SHIV GANGA APARTMENT,ZAVER ROAD,MULUND WEST MUMBAI,400080",MULUND WEST MUMBAI
"D-6, NEAR ICD,BASNI 2ND PHASE,MIA,JODHPUR,342005",JODHPUR
"OFFICE 1 & 2 2ND FLOOR,AASTHA COPLEX,NEAR KIDZEE SCHOOL SINDHUBAG ROAD,GURUKUAL,370201",GURUKUAL
"FFICE: 8, FIRST FLOOR, KESAR ARCADE,PLOT NO. 51,,SECTOR 8,,GANDHIDHA,370201",GANDHIDHA
"PLOT 50, SECTOR 8,MERIDIAN HOUSE,BM PUMP ROAD,GANDHIDHAM,370201",GANDHIDHAM
"MY-1,.,MARSHALLING YARD,KANDLA SPECIAL ECONOMIC ZONE,370230",KANDLA SPECIAL ECONOMIC ZONE
"GROUND FLOOR, ROOM NO-1,MAYASHAKAR, J.VORA BUILDING,,TILAK ROAD,MULUND,400081",MULUND
"IN ASTHA HOSPITAL LANE, BLOCK NO. 104/4,BACK SIDE, AMBE ASHISH, AGRA ROAD,,MULUND WEST,,MUMBAI,400082",MUMBAI
"117, FIRST FLOOR,,MADHAV PALACE, SECTOR 8,,PLOT NO. 55, GANDHIDHAM,,KACHCHH, GUJARAT, 370201,370201",GUJARAT
"OFFICE NO 205, SECOND FLOOR,INFINITY BUILDING,PLOT NO 329 WARD NO 12/B,GANDHIDHAM, KUTCH,370201",KUTCH
"UNIIT NO 405 4TH FLOOR,ELLORA FIESTA PLOT NO 8,SECTOR 11 SANPADA NAVI MUMBAI,MUMBAI,400705",MUMBAI
"58,MOMAY PARK,VILL. BAROI,MUNDRA,370421",MUNDRA
"OFFICE NO.203, 2ND FLOOR,PLOT NO.212, KIRAN COMPLEX,WARD -12 B GANDHIDHAM,KUTCH,370201",KUTCH
"ROON NO 40 2ND FLOOR,113 SARSAWATI SADAN,KESHVAJI NAIK ROAD,CHINCH BUNDER MASJID,400009",CHINCH BUNDER MASJID
"OFFICE NO 15 RAJ LAXMI PLACE,RAJ LAXMI PLACE,BAROI ROAD MUNDRA,NR ADANI GUEST HOUSE,370421",NR ADANI GUEST HOUSE
"1502/B-2, UNIVERSAL MAJESTIC,,BEHIND RBK INTERNATIONAL ACADEMY,,P. L. LOKHANDE MARG, CHEMBUR (WEST),,MUMBAI,400 043",
"17, BAHUBALI BUILDING,,CP STREET,,FORT,,MUMBAI,400001",MUMBAI
"117,SADGURU EMPIRE 2 PLOT NO 2,REVENUE SUEVEY NO 54/1/1/2 NEAR RASHAPIR CIRCLE VILLAGE DHRUB,TAL. MUNDRA KUTCH GUJRAT,370415",MUNDRA KUTCH GUJRAT
"SECON FLOOR 207,SHAAN COMPLEX NR SAKAR 4,ASHRAM ROAD,OPP TOWNHALL ELLISHBRIDGE,380009",OPP TOWNHALL ELLISHBRIDGE
"PLOT NO 80/B, WARD-9/AF,,ODHAVRAM SOCIETY,,GANDHIDHAM,DIST KUTCH,370240",DIST KUTCH
"SF6 P-15,SECTOR - 9,GANDHIDHAM,KACHCHH GUJARAT,370201",KACHCHH GUJARAT
"204, SECOND FLOOR,RIDDHI SHIDDHI ARCADE II,PLOT NO 40,SECTOR 8,370201",
"L-9,SUNDER SINGH BUILDING,MAIN MAHIPALPUR VASANT KUNJ,MAHIPALPUR,110037",MAHIPALPUR
"PLOT NO-14,SECTOR NO -8,B/H BM PETRO PUMP,GANDHIDHAM,370201",GANDHIDHAM
"G-1, TORANA APPARTMENT,,P&T QUARTERS, SAHAR VILLAGE ROAD,ANDHERI (EAST),ANDHERI,400099",ANDHERI
"OFFICE NO.8,PD PLAZA,TAGOR ROAD,NEAR BSNL OFFICE,370201",NEAR BSNL OFFICE
"16A,MAHAVIR NAGAR,JAIN SOCIETY ANTARJAL ADIPUR,GANDHIDHAM KUTCH,370205",GANDHIDHAM KUTCH
"147, 148, 176,CHINUBHAI TOWER,NEAR HK COLLEGE, ASHRAM ROAD,NEHRU BRIDGE,380009",NEHRU BRIDGE
"OFFICE NO 22,GOLDEN ARCADE,ZERO POINTS ADANI PORT ROAD,MUNDRA,370421",MUNDRA
"B-503,,SILVER ASTRA,J.B. NAGAR, ABOVE GREATER BOMBAY BANK,ANDHERI EAST, MUMBAI,400099",MUMBAI
"707-713,CORPORATE CENTRE, NIRMAL LIFESTYLE, LBS MARG,MULUND-WEST, MUMBAI CITY, MAHARASHTRA, 400080,MULUND-WEST, MUMBAI CITY, MAHARASHTRA, 400080,400080",MAHARASHTRA
"SHOP NO.07.. SHAZ 121.. WARD2A,SHAZ 121,WARD 2A,ADIPUR, KACHCHH GUJARAT,370205",KACHCHH GUJARAT
"3RD FLOOR, OFFICE NO.33 ,, DER DEUTSCHE, PARKZ MOUJE,,,SUBHASH NAGAR ROAD, NEXT TO CLASSIC MARBLE,NEAR CEAT TYRE, OPP NAHUR RAILWAY STATION,BHANDUP WEST MUMBAI CITY, MAHARASHTRA,400078",MAHARASHTRA
"BEHIND CUSTOM OFFICE,BUNDER ROAD,BUNDER ROAD,PORBANDAR,370575",PORBANDAR
"B-504, 5TH FLOOR,ANSAL CHAMBER 1,BHIKAJI CAMA PLACE,NEW DELHI,110066",NEW DELHI
"PLOT NO. 38-44/89 SADGURU SMART CITY,VILLAGE KAPAYA,TA MUNDRA,DISTRICT KACHCHH,370405",DISTRICT KACHCHH
"BEHIND ASHAPURA RESTAURANT,,PLOT NO. 82, G.I.D.C., APL ROAD,,DHRUB,,MUNDRA,370421",MUNDRA
"PLOT NO 241, 2ND FLOOR,OFFICE NO 4, GAJJAR CHAMBER,WARD 12/B,,GANDHIDHAM, KACHCHH,,370201",
"PLOT NO.51/52/53,AMBIKA NAGAR,BAROI ROAD,MUNDRA,370421",MUNDRA
"OFFICE NO-19,SECOND FLOOR,,ADMIN BUILDING, TG TERMINALS CFS,,SECTOR-11,NR.OLD PORT ROAD,BHARAT CFS ZONE-1,,AP & SEZ LTD, MUNDRA(KUTCH)GUJARAT,370421",GUJARAT
"PLOT NO. 386,,SECTOR - 1/A,MAMLATDAR LANE,GANDHIDHAM,370201",GANDHIDHAM
"FLAT NO 1.5.130,S LAMXI SOCIETY,BAROI ROAD,TALUKA MUNDRA,370421",TALUKA MUNDRA
"53/55,MODI STREET,DHANRAJ NIWAS,FORT MUMBAI,400001",FORT MUMBAI
"403, FORTH FLOOR,UPNISHAD,NR. SHREYAS RAILWAY OVER BRIDGE,,ABOVE SHRADDHA MOTORS, AMBAWADI,380015",AMBAWADI
"DBZ-N-192,,FIRST PART FLOOR,CABIN NO.5,,GANDHIDHAM, GUJRAT,370210",GUJRAT
"306, III FLOOR, KUNTAL BLDG,MODY ESTATE,,L.B.S. MARG, GHATKOPAR WEST,MUMBAI,400086",MUMBAI
"B-517,GOPAL PALACE OPP. OCEAN PARK,SATELLITE ROAD,SATELLITE ROAD,380015",SATELLITE ROAD
"B 21 THE ADDRESS,WEST GATE BY TRUE VALUE,S.G.HIGHWAY , NR. YMCA CLUB,AHMEDABAD,380015",AHMEDABAD
"203, 1ST FLOOR,,CHANDRAMAULI, COMPLEX, NEAR OLD PETROL PUMP,,BAROI ROAD,,MUNDRA, KUTCH,370421",KUTCH
"OFFICE NO 115,GOLDEN ARCADE,ZERO POINT,ZERO POINT,370421",ZERO POINT
"OFFICE NO. 4,2ND FLOOR,MICT CFS,MUNDRA,370405",MUNDRA
"3/79, D BLOCK, I FLOOR,NITHYANAND SAGAR APARTMENTS,MADHAVARAM HIGH ROAD,PERAMBUR,600011",PERAMBUR
"OFFICE NO. 04, GROUND FLOOR , SADGURU PLAZA, WING-C,,ADANI NEW BYPASS ROAD, NEAR BY SHANTIVAN COLONY,,BEHIND SHANTINATH MAHADEV, NANA KAPAYA,MUNDRA, KUTCH, GUJARAT- INDIA,370421",GUJARAT- INDIA
"21,1ST FLOOR,JOHARI PALACE,51M. G. ROAD INDORE,JOHARI PALACE,452001",JOHARI PALACE
"A-27, KIRTI NAGAR,OPP. KAMAL & CO.,KIRTI NAGAR,TONK ROAD,302015",TONK ROAD
"PLOT NO. 96A, IIIRD FLOOR, POCKET. 10,SECTOR. 13, DWARKA.,NEAR RADISSON HOTEL, DWARKA,NEW DELHI,110075",NEW DELHI
"OFFICE NO. 210, 211, 2ND FLOOR,WARD 12/C, PLOT NO.589,VARONISHA CROSSWAY,GANDHIDHAM , GUJARAT,370201",GUJARAT
"FF02,PLOT NO.317,SONALI PARK,WARD 12B,OPP.IDBI BANK,GANDHIDHAM,370201",GANDHIDHAM
"8,ABHISEKH COMPLEX,S T ROAD NEAR UNION BANK,VERAVAL,362265",VERAVAL
"PLOT NO. 9 AND 10,PRIME FORWARDERS,SECTOR 2, NEAR LIONS CLUB,GANDHIDHAM,370201",GANDHIDHAM
"D-14/1,OKHLA INDUSTRIAL AREA,PHASE-1,NEW DELHI,110020",NEW DELHI
"4, KOMAL COMPLEX,,1ST FLOOR, PLOT NO. 305,,WARD-12B,,GANDHIDHAM,370201",GANDHIDHAM
"PLOT NO.323, SECTOR 1/A, GANDHIHDAM,PLOT NO.323, SECTOR 1/A, GANDHIHDAM,PLOT NO.323, SECTOR 1/A, GANDHIHDAM,PLOT NO.323, SECTOR 1/A, GANDHIHDAM,370201",GANDHIHDAM
"OFFICE NO. 4&5,MANI COMPLEX,,PLOT NO. 84,SECTOR NO. 8, GANDHIDHAM,370201",GANDHIDHAM
"OFFICE 513,THE CORPORATE CENTRE,LBS ROAD,MULUND WEST MUMBAI,400080",MULUND WEST MUMBAI
"H-12 RAMDEV NAGAR,MUNDRA BAROI ROAD,OLD PETROL PUMP KUTCH,KUTCH,370421",KUTCH
"2/254/255/256,KAYANI DELLI,,JAKHAV ABADASA,,KUTCH,370655",KUTCH
"A-905, 9TH FLOOR,,SHELTON SAPPHIRE,,PLOT NO. : 18 & 19, SECTOR 15,,CBD BELAPUR, NAVI MUMBAI,400614",NAVI MUMBAI
"OFFICE NO S-1, 2ND FLOOR,EMERALD HOUSE,PLOT NO 195, SECTOR-1 A,GANDHIDHAM KUTCH,370201",GANDHIDHAM KUTCH
"FIRST FLOOR, OFFICE NO.103,PLOT NO.302, SINDHU-2,,WARD NO. 12/B, GANDHIDHAM,GANDHIDHAM,370201",GANDHIDHAM
"1986,RANI BAGH,RANI BAGH,DELHI,110034",DELHI
"216, 2ND FLOOR,,MADHAV PALACE,,OPP.GANDHIDHAM CHAMBER OF COMMERCE,PLOT NO. 55 SECTOR-8,370201",
"15- B,SADGURU SMART CITY,VILLAGE- NANA KAPAYA, TALUKA-MUNDRA,DISTRCT- KACHCHH, GUJARAT,370415",GUJARAT
"21 BAGESHREE TOWNSHIP 7,LS NO ,469/5 VILLAGE,VARSHAMEDI TALUKA,ANJAR DISTRICT KACHCHH GUJRAT,370110",ANJAR DISTRICT KACHCHH GUJRAT
"OFFICE NO 3,BUILDING NO 6,LBS MARG,BHANDUP WEST,400078",BHANDUP WEST
"PLOT NO. 109,RAJVI HOUSE, SECTOR - 8,GANDHIDHAM,KUCHCHH,370201",KUCHCHH
"B 72-73,B 72-73 ROHIT HOUSE OFF NO 303 MB RD,MB ROAD,VISHWAKARMA COLONY,110044",VISHWAKARMA COLONY
"31, MOMAI PARK,,BAROI ROAD,,MUNDRA,KUTCH,370421",KUTCH
"1ST FLOOR, 14/2, INFOTECH CENTER,OLD GURGAON DELHI ROAD,UDYOG VIHAR, GURGAON,GURGAON,122016",GURGAON
"213,PLOT NO. 356, WARD 12-B,GOKUL PARK BUILDING,NEAR AXIS BANK,GANDHIDHAM, KUTCH,370201",KUTCH
"SHRI RAVI RADAL KRUPA,PUNITNAGAR-2,,STREET NO-6,,NR. JAMNAGAR RAOD, RAJKOT,360006",RAJKOT
"B-108 ALAP CENTURY,NR. PUSHKAR DHAM SOCIETY,KALAWAD ROAD,RAJKOT,360005",RAJKOT
"OFFICE NO. 201,2ND FLOOR,SUNSHINE ARCADE II,PLOT NO. 37, SECTOR - 8, GANDHIDHAM -,370201",GANDHIDHAM -
"419/1/2 TANK PAKHADI,VICTOR MAXI COMPOUND,SAHAR VILLAGE,ANDHERI - E,400099",ANDHERI - E
"SECOND FLOOR,PLOT NO 320, R K HOUSE,SECTOR 1A,GANDHIDHAM,370201",GANDHIDHAM
"KIRAN HOUSE,PLOT NO. 8, SECTOR 8,OPP. POST OFFICE,GANDHIDHAM,370201",GANDHIDHAM
"PLOT NO. 08,KIRAN HOUSE,SECTOR 08,GANDHIDHAM,370201",GANDHIDHAM
"PLOT NO:51/52/53, AMBIKA NAGAR,BAROI, MUNDRA,BAROI,AMBIKA NAGAR,370421",AMBIKA NAGAR
"75-77/F,-,KALAPURNA ASHISH,BAROI,370421",BAROI
"2ND FLOOR OFFICE NO 2,GOYAL COMMERCIAL CENTRE,PLOT NO 259,WARD 12 B GANDHIDHAM,370201",B GANDHIDHAM
"102, BHAVANI COMPLEX,,PLOT NO 67/68/68A, SECTOR 19A,VASHI,NAVIMUMBAI,400705",NAVIMUMBAI
"D.B.Z.-S-189, FIRST FLOOR,AGARWAL HOUSE,,OPP. SHIVAJI PARK,,GANDHIDHAM, KUTCH,370201",KUTCH
"105,DESAI CHEMBERS,MODI STREET,FORT MUMBAI,40001",
"ROOM NO - 01,AMBICA NAGAR,AMBICA NAGAR,MUNDRA,370421",MUNDRA
"PLOT NO 44-45,GIDC,GIDC,MUNDRA KUTCH,370421",MUNDRA KUTCH
"OFFICE NO 206,GOLDEN HEIGHTS PLOT NO 12,TAGORE ROAD SECTOR 8,BEHIND BM PETROL PUMP,370201",BEHIND BM PETROL PUMP
"OFFICE NO. 1, 2ND FLOOR,,SHAH AVENUE- , PLOT NO 211, WARD 12/B,GANDHIDHAM, KUTCH,GUJARAT,370201",GUJARAT
"OFFICE NO.5,AMRUTKRUPA BLD,JAWAHAR CHOWK,NEAR BUS DEPOT,370421",NEAR BUS DEPOT
"604,,BALAJI BUSINESS PARK, NEAR TIME SQUARE,ANDHERI KURLA ROAD, MAROL,ANDHERI EAST,400059",ANDHERI EAST
"A-1 & 2,,VAIHAV C.H.S.,SAHAR PIPELINE ROAD,ANDHERI ( EAST ),400098",
"OFFICE NO.14, 2ND FLOOR, COPORATE PARK,PLOT NO.102, SECTOR-08,,GANDHIDHAM,KUTCH,370201",KUTCH
"311/312 A WING CITY MALL PLOT NO 4,SECTOR 19, VASHI TURBHE MAIN ROAD,NAVI MUMBAI 400705,TURBHE,400705",TURBHE
"123-124,GOLDEN ARCADE,PLOT NO. 141-142, SECTOR 8,GANDHIDHAM,370201",GANDHIDHAM
"F 14,MAIN ROAD,KALKAJI,NEW DELHI,110019",NEW DELHI
"PLOT NO 32 TO 35 SHREEJI NAGAR 1,BACK SIDE JK BROTHER SHOP,BAROI ROAD,MUNDRA,370421",MUNDRA
"208,SUNSHINE ARCADE,PLOT NO 59 SECTOR 8,TAGORE ROAD,GANDHIDHAM,370201",GANDHIDHAM
"H.NO. 1/9921,TOP FLOOR,STREET NO. 3H,WEST GORAKH PARK SHAHDARA DELHI,110032",WEST GORAKH PARK SHAHDARA DELHI
"KHASARA NO.24, BEHIND DIRT INDIA,PVT LTD,,KHAN PURA,,MANDIDEEP,462026",MANDIDEEP
"OFFICE NO 204, SECOND FLOOR,,SUNSHINE ARCADE - II, PLOT NO 37,,SECTOR - 8,,GANDHIDHAM,370201",GANDHIDHAM
"OFFICE NO 22, CORPORATE PARK,PLOT NO 102, TAGORE ROAD,,SECTOR-8, GANDHIDHAM,KITCHH,GUJRAT,370201",GUJRAT
"SHOP NO. 9,ASHAPURA, COMMERCIAL COMPLEX,GIDC, - ADANI PORT, MAIN ROAD,MUNDRA DISTRICT KUTCH,370421",MUNDRA DISTRICT KUTCH
"36-NH, WARD NO 9-AH,SHITAL NIWAS,SUBHASH NAGA,GANDHIDHAM, KACHCHH,,370201",
"OFF NO 205 2ND FLOOR PLOT NO 329, WARD12/B,INFINITY BUILDING,TAGORE ROAD,GANDHIDHAM,370201",GANDHIDHAM
"214-218,TRADE CENTRE,SECTOR 8 PLOT NO. 46,NEAR TIMBER BHAVAN,370201",NEAR TIMBER BHAVAN
"PLOT NO 48/8,SEC-1 BEHIND MODERN SCHOOL,,OSLO SOCIETY,GANDHIDHAM,GANDHIDHAM,370201",GANDHIDHAM
"B 402 VASANT VIHAR BUILDING,VAISHALI NAGAR MULUND WEST,BALRAJESHWAR ROAD,MULUND MUMBAI,400080",MULUND MUMBAI
"PLOT NO 94-98/I,KALAPURNA ASHISH,BAROI ROAD,MUNDRA KUTCH GUJARAT,370421",MUNDRA KUTCH GUJARAT
"M-12/13, 1ST FLOOR,KASHISH ARCADE, OPP. HOTEL CENTRE PALACE,MUNDRA PORT ROAD,ZERO POINT,370421",ZERO POINT
"FIRST FLOOR,106,NIRAV CHAMBER,ABVE DENA BANK,GANDHIDHAM, KUCHCHH,370201",KUCHCHH
"101 102 RAJKAMAL ARCADE,PLOT NO 353 WARD 12B,GANDHIDHAM,KUTCH,370201",KUTCH
"CBX-334,FIRST FLOOR,WARD NO.2/A,ADIPUR,ADIPUR,ADIPUR KACHCHH,370205",ADIPUR KACHCHH
"CBX-334,FIRST FLOOR,WARD NO.2/A,ADIPUR,ADIPUR,ADIPUR KACHCHH,370205",ADIPUR KACHCHH
"FIRST FLOOR, OFFICE NO C-103,KUTCH ARCADE-PLATINUM,MITHI ROHAR,GANDHIDHAM, KACHCHH,370201",KACHCHH
"OFFICE NO. 63/64,GMA BUILDING,PLOT 297, WARD 12B,NR. OLD COURT, GANDHIDHAM,370201",GANDHIDHAM
"PLOT NO B 223,SAPNA NAGAR,GANDHIDHAM,GANDHIDHAM,370201",GANDHIDHAM
"D-67,,MAIN BAZAR,,NR. CHAWLA CHOK,,GANDHIDHAM.,370201",
"OFFICE NO.3, GR. FLOOR, PLOT NO.102, SECTOR8,CORPORATE PARK,GANDHIDHAM,KACHCHH,370201",KACHCHH
"BUNDER ROAD,NEAR MANDVI GMB PORT,PORT ROAD,MANDVI,370465",MANDVI
"OFFICE NO 322 SECOND FLOOR,FRIENDS SQUIRE BUILDING,TAGORE ROAD GANDHIDHAM,GANDHIDHAM,370201",GANDHIDHAM
"PLOT NO. 257,,TENAMENT NO. 5,,WARD 10A,,GANDHIDHAM,370201",GANDHIDHAM
"S-35/5,DLF PHASE 3,GURGAON,HARYANA,122002",HARYANA
"49,,ADITYA RESIDENCY,,THALTEJ-SHILAJ ROAD,,AHMEDABAD,380058",AHMEDABAD
"16-21,,SWAMINARAYAN MANDIR BUILDING,NEAR JAY RESIDENCY,SECTOR 4,370201",
"F 206/207/208/209,ITC PARK , TOWER NO.2,,STATION COMPLEX BUILDING, CBD BELAPUR- NAVI MUMBAI,CBD BELAPUR,400614",CBD BELAPUR
"OFFICE NO 207,,KASHISH ARCADE BUILDING,G A P L ROAD,ZERO POINT,370421",ZERO POINT
"338,,DC-5, BESIDE WATER TANK,ADIPUR,GANDHIDHAM,370201",GANDHIDHAM
"3RD FLOOR, UNIT NO. 303, STAR HUB, BUILDING NO. 1,,SAHAR VILLAGE, NEAR INTL AIRPORT,,LANDMARK HOTEL ITC MARATHA, ANDEHRI EAST,,MUMBAI CITY, MAHARASHTRA,,400099",
"NEAR S.T. STAND,BAROIWALA GATE,BUNDER ROAD,MUNDRA,370421",MUNDRA
"FLAT NO. C-304, PLOT NO. - 24,,THARWANI HERITAGE, NEAR THREE STAR HOTEL,KHARGHAR,SECTOR-07,,,KHARGHAR, RAIGAD, MAHARASHTRA,410210",MAHARASHTRA
"BUNGLOW NO:1,SURVEY NO:30/1,MADHAV RESIDENCY,,VILLAGE SHINAI,GANDHIDHAM,370205",GANDHIDHAM
"421 , 4TH FLOOR,PLOT NO.49 , NAV VYAPAR BHAVAN,P DMELLO ROAD,MASJID BUNDER (EAST),400007",
"210, 2ND FLOOR,SKYLARK,PLOT NO 63, SECTOR 11,CBD BELAPUR,400614",CBD BELAPUR
"B222,BALAJI BHAVAN,PLOT NO 42A SECOTOR 11,CBD BELAPUR,400614",CBD BELAPUR
"C-49 US VILLA,SWAMINARAYAN NAGAR,BAROI,MUNDRA,370421",MUNDRA
"111, RATNAKALA ARCADE,,1ST FLOOR,,G.A.P.L. ROAD,MUNDRA - KUTCH,370421",MUNDRA - KUTCH
"OFFICE NO 7, FIRST FLOOR,,GALAXY RESIDENCY,,MUNDRA PORT ROAD,,KUTCH, GUJARAT,370421",GUJARAT
"R.NO. 134,OVERSEAS WAREHOUSING COMPLEX(OWPL)),C-205, PHASE-5,FOCAL POINT, LUDHIANA(PUNJAB),141010",
"HISSA NO 8, KAILASH ARCADE,OFFICE NO. 111, PLOT NO. 1, NA RS,NO. 53/1, IN AUM COMMERCIAL PARK, NEAR ZERO POIN,MUNDRA PORT ROAD,, VILLAGE DHARB, KACHCHH, GUJARAT, 370421,370421",GUJARAT
"40 GOA STREET,SRI RADHAKRISHNA SHIPPING P LTD,OFF SHAHID BHAGATSINGH ROAD,FORT,400001",FORT
"PLOT NO-55 OFFICE NO 108 FIRST FLOOR,MADHAV PALACE,SECTOR 8,OPP D MART,370201",OPP D MART
"OFFICE NO. 124, FIRST FLOOR,,MANALI TOWER,,PLOT NO.110, SECTOR 8, BH. OSLO CINEMA,,GANDHIDHAM,370201",GANDHIDHAM
"PLOT NO 97, FLAT NO. 202,,SHRADDHA APARTMENT,SECTOR 7,GANDHIDHAM,370201",GANDHIDHAM
"OFF. NO. 1,KESAR ARCADE BUILDING,PLOT NO. 51,SECTOR 8, GANDHIDHAM,370201",GANDHIDHAM
"A 305 CLASSIQUE CENTRE,26, MAHAL IND. EASTATE,,OFF MAHAKALI CAVES ROAD,,ANDHERI (E),400093",
"A 304, CLASSIQUE CENTRE,26 MAHAL IND. EASTATE,,OFF MAHAKALI CAVES ROAD,ANDHERI (E),400093",
"OFFICE NO 102 FF,SUDGURU EMPIRE,MUNDRA PORT ROAD,MUNDRA 370421,370421",
"ROOM NO. 111, GOLDEN ARCADE,,2ND FLOOR, NEAR ZERO POINT,,ADANI PORT ROAD, MUNDRA,,DIST: KUTCH, GUJARAT,370421",GUJARAT
"A-1023 SURYA BHAWAN,ROAD NO. 6,VILLAGE MAHIPALPUR,NEW DELHI,110037",NEW DELHI
"1ST FLOOR NO-1,C PORTION MOOR STREET,PARRY,CHENNAI,600001",CHENNAI
"E-132 B,VISHWAKARMA COLONY,M.B. ROAD,NEW DELHI,110044",NEW DELHI
"OFFICE NO. 4, SEABIRD CFS, ADANI PORT ROAD, MUNDRA,,OFFICE NO. 4, SEABIRD CFS, ADANI PORT ROAD, MUNDRA,,OFFICE NO. 4, SEABIRD CFS, ADANI PORT ROAD, MUNDRA,,OFFICE NO. 4, SEABIRD CFS, ADANI PORT ROAD, MUNDRA,,370421",
"OFFICE NO 215, SECOND FLOOR,BLUEROSE BUILDING,GANDHIDHAM,GANDHIDHAM - KUTCH,370201",GANDHIDHAM - KUTCH
"204, 2ND FLOOR,,NIRAV CHAMBER,BANKING CIRCLE,ABOVE BANK OF BARODA,370201",ABOVE BANK OF BARODA
"OFFICE NO. 123,SADGURU EMPIRE,ADANI PORT ROAD,MUNDRA (KACHCHH) GUJARAT,370421",GUJARAT
"804A-807,SKYLARK BUILDING, 60,NEHRU PLACE,NEW DELHI,110019",NEW DELHI
"SCF- 5, SECOND FLOOR,URBAN ESTATE,FOCAL POINT,OPP. FCI GODOWN, JAMALPUR,LUDHIANA,141010",LUDHIANA
"47,VIRAJ IMPEX HOUSE,P D MELLO ROAD,MUMBAI,400007",MUMBAI
"PLOT NO 110/5,SECTOR-2,SECTOR-2,SECTOR-2,370201",
"OFFICE NO 01 & 02,LANDMARK CFS,NEAR ADANI PORT ROAD,MUNDRA,370422",MUNDRA
"OFFICE NO.110,SADGURU EMPIRE,NR.RASHAPIR CIRCLE, DHRAB,MUNDRA,370421",MUNDRA
"705-706,CHIRANJIV TOWER 43,NEHRU PLACE,NERU PLACE,110017",NERU PLACE
"14/15,,GEETA SADAN,,NS ROAD,,MULUND WEST, MUMBAI,400080",MUMBAI
"B-16,INDRAPRASTH COMPLEX,,SHAKTI NAGAR,,ADANI PORT ROAD,,MUNDRA,370421",MUNDRA
"PLOT NO. 46,SECTOR 1A,OPP, OLD COURT,GANDHIDHAM,370201",GANDHIDHAM
"TULSIDAS KHIMJI PRIVATE LIMITED,TK HOUSE,SHRIKANT HARDKAR MARG,COTTON GREEN WEST,400033",COTTON GREEN WEST
"204,TRIVENI ARCADE,RANGOLI PARKING,MUNDRA,370421",MUNDRA
"1011 UNIVERSAL MAJESTIC,,BEHIND RBK INTERNATIONAL ACADEMY,OFF GHATKOPAR MANKHURD LINK ROAD,CHEMBUR MUMBAI,400088",CHEMBUR MUMBAI
"UNIQUE HOUSE,P. NO. 126,SEC 1/A,GANDHIDHAM,370201",GANDHIDHAM
"210-211,,RIDDHI SIDDHI ARCADE,,PLOT NO 13,,SECTOR 8, GANDHIDHAM,370201",GANDHIDHAM
"GUEST HOUSE ROOM NO: 117,BANSIDHAR,NEAR SONAL KRUPA, SHANTINAGAR,ADANI PORT ROAD, MUNDRA-KUTCH,370421",MUNDRA-KUTCH
"ROOM NO 39,PARTH SOCIETY,MARUTI NAGAR-II,MUNDRA,370421",MUNDRA
"FIRST, COMPARTMENT NO. 10 / 11, PLOT NO.2,,BHAGWATI COMPOUND , MAROL CO-OPERATIVE INDUSTRIAL ESTATE,OFF M. V. ROAD, ANDHERI EAST, MUMBAI CITY, MAHARASHTRA, 400059,OFF M. V. ROAD, ANDHERI EAST, MUMBAI CITY, MAHARASHTRA, 400059,400059",MAHARASHTRA
"OFFICE NO.01, 1ST FLOOR,,MARUTI CORNER COMPLEX,,NEW ADANI PORT ROAD,,RASAPIR CIRCLE,,370421",
"PLOT NO. 130,NARMADA,WARD 12/C,LILASHAH NAGAR,370199",LILASHAH NAGAR
"PLOT NO 153 SURVEY NO 193/2,MANGLESHWAR NAGAR,MEGHPAR,BORICHI ANJAR,370110",BORICHI ANJAR
"C K 65/434,BADI PEARI,KABIRCHAURA,BADI PEARI,221010",BADI PEARI
"OFFICE NO.06 (206),RAVI AVENU,ADANI PORT ROAD,SHAKTI NAGAR OPP 4WAY HOTEL,370421",WAY HOTEL
"2NF FLOOR, 60,,GREAT SOCIAL BUILDING,SIR P M ROAD,MUMBAI,400001",MUMBAI
"TEST FLAT NO,TEST BUILDING,TEST ROAD,TEST ROAD,400086",TEST ROAD
"C-1209,KAILAS BUSINESS PARK,,VEER SAVARKAR ROAD,PARK SITE,,VIKROLI (W), MUMBAI,400079",MUMBAI
"8 ,,ANUPAM APPARTMENT,SHAKTI SOCIETY,,NR. SHREYAS CROSSING,,PALDI, AHMEDABAD, GUJARAT,380007",GUJARAT
"OFFICE NO 114 1ST FLOOR,MADHAV PALACE,SECTOR 8,NEAR D MART,370201",NEAR D MART
"DEEPAK COMPLEX, 2ND FLOOR, PLOT NO. 315,SECTOR 12-B,NEAR OLD COURT,GANDHIDHAM,370201",GANDHIDHAM
"OFFICE NUMBER 203 AND 204,PUB BUILDING ADANI PORT ROAD,ADANI PORT AND SEZ,MUNDRA,370421",MUNDRA
"OFFICE NO- 203 & 204, 2ND FLOOR,,GOLDEN HEIGHTS,,PLOT NO: 12, SECTOR:8,,BEHIND BM PETROL PUMP,370201",BEHIND BM PETROL PUMP
"R.NO115,SADGURU EMPIRE,ADANI PORT ROAD,NEAR RASAPIR CIRCLE,370421",NEAR RASAPIR CIRCLE
"OFFICE NO.62, SHARDA COMPLEX,,NEAR HDFC BANK, ZERO POINT,VILLAGE: MUNDRA, TA.,MUNDRA KUTCH, GUJARAT,370421",GUJARAT
"OFFICE NO: 210,,SECOND FLOOR,,PLOT NO: 57, SECTOR-8,,SILVER ARC,,370201",
"PLOT NO 365,NU 3 APNA NAGAR,APNA NAGAR,GANDHIDHAM,370201",GANDHIDHAM
"OFFICE NO.108, II FLOOR,CWC CFS,BHARAT CFS ZONE 1,ADANI PORTS & SEZ MUNDRA,370421",SEZ MUNDRA
"FIRST FLOOR, UNIT 7,,WARD 7/B,NR. SINDHU BAUG,GANDHIDHAM,370201",GANDHIDHAM
"A2-15 MULUND,BHANU CHS,LBS MARG,MULUND WEST MUMBAI,400080",MULUND WEST MUMBAI
"107 FIRST FLOOR,PLOT NO.55,SECTOR 8,MADHAV PLACE, OPP. D MART,GANDHIDHAM,370201",GANDHIDHAM
"WATSON GLOBAL CARGO PVT. LTD,OFFICE NO. 104, 1ST FLOOR,,PLOT NO. 84 MANI COMPLEX,,SECTOR -8 GANDHIDHAM-KUTCH,370201",GANDHIDHAM-KUTCH
"DBZ-S-188A, 2ND FLOOR,KRISH AVENUE,ZHANDA CHOWK ROAD,GANDHIDHAM,370201",GANDHIDHAM
"406,MADHUBAN BUILDING 55,NEHRU PLACE,NEW DELHI,110019",NEW DELHI
"WESTWIND HOUSE, PLOT NO. 54,,SECTOR 2, BEHIND LIONS CLUB,,GANDHIDHAM-370 201,,(KUTCH) GUJARAT,370201",GUJARAT
"4-5,KAMALA RESIDENCY , NEAR TAJ HARI HOTEL,RESIDENCY ROAD,JODHPUR , RAJASTHAN,342001",RAJASTHAN
"205, AMBICA ARCADE,,PLOT NO 300, WARD 12/B,,ABOVE KARUR VYSYA BANK LTD,GANDHIDHAM,370201",GANDHIDHAM
"209-211,TRADE CENTRE,PLOT NO. 46,SECTOR 8 GANDHIDHAM,370201",GANDHIDHAM
"SURYA HEIGHTS, 211, DC-2,B/H HOTEL EMPIRE,GANDHIDHAM-KUTCH,GUJARAT-370201,370201",
